faction,source,destination,reported_s,sum_legs_s,diff_s,n_legs,steps,missing
alliance,"Theramore, marécage d'Âprefange","Pic des Serres-Rocheuses, Serres-Rocheuses",801,454,347,2,"Combe de Nijel, Désolace -> Pic des Serres-Rocheuses, Serres-Rocheuses",
alliance,Reflet-de-Lune,"Ratchet, les Tarides",748,442,306,3,"Long-guet, Berceau-de-l'Hiver -> Halte de Talrendis, Azshara -> Ratchet, les Tarides",
alliance,"Feathermoon, Feralas","Pic des Serres-Rocheuses, Serres-Rocheuses",648,347,301,2,"Combe de Nijel, Désolace -> Pic des Serres-Rocheuses, Serres-Rocheuses",
alliance,"Ratchet, les Tarides","Rut'theran, Teldrassil",805,517,288,4,"Halte de Talrendis, Azshara -> Astranaar, Ashenvale -> Auberdine, Sombrivage -> Rut'theran, Teldrassil",
alliance,Reflet-de-Lune,"Refuge des Marshal, cratère d'Un'Goro",1052,809,243,6,"Long-guet, Berceau-de-l'Hiver -> Halte de Talrendis, Azshara -> Ratchet, les Tarides -> Theramore, marécage d'Âprefange -> Gadgetzan, Tanaris -> Refuge des Marshal, cratère d'Un'Goro",
alliance,Reflet-de-Lune,"Thalanaar, Feralas",940,710,230,5,"Long-guet, Berceau-de-l'Hiver -> Halte de Talrendis, Azshara -> Ratchet, les Tarides -> Theramore, marécage d'Âprefange -> Thalanaar, Feralas",
alliance,"Refuge des Marshal, cratère d'Un'Goro","Astranaar, Ashenvale",856,646,210,4,"Gadgetzan, Tanaris -> Theramore, marécage d'Âprefange -> Halte de Talrendis, Azshara -> Astranaar, Ashenvale",
alliance,Reflet-de-Lune,"Pic des Serres-Rocheuses, Serres-Rocheuses",493,323,170,2,"Auberdine, Sombrivage -> Pic des Serres-Rocheuses, Serres-Rocheuses",
alliance,"Auberdine, Sombrivage","Theramore, marécage d'Âprefange",675,542,133,3,"Halte de Talrendis, Azshara -> Ratchet, les Tarides -> Theramore, marécage d'Âprefange",
alliance,"Lakeshire, les Carmines","Ironforge, Dun Morogh",357,259,98,3,"Veille de Morgan, Steppes ardentes -> Halte du Thorium, Gorge des Vents brûlants -> Ironforge, Dun Morogh",
alliance,"Baie-du-Butin, Strangleronce","Southshore, Hillsbrad",649,739,-90,4,"Stormwind, Elwynn -> Ironforge, Dun Morogh -> Port de Menethil, les Paluns -> Southshore, Hillsbrad",
alliance,"Baie-du-Butin, Strangleronce","Refuge de l'Ornière, Arathi",655,745,-90,4,"Stormwind, Elwynn -> Ironforge, Dun Morogh -> Port de Menethil, les Paluns -> Refuge de l'Ornière, Arathi",
alliance,"Thelsamar, Loch Modan","Darkshire, bois de la Pénombre",326,416,-90,5,"Ironforge, Dun Morogh -> Halte du Thorium, Gorge des Vents brûlants -> Veille de Morgan, Steppes ardentes -> Lakeshire, les Carmines -> Darkshire, bois de la Pénombre",
alliance,"Thelsamar, Loch Modan","Lakeshire, les Carmines",267,356,-89,4,"Ironforge, Dun Morogh -> Halte du Thorium, Gorge des Vents brûlants -> Veille de Morgan, Steppes ardentes -> Lakeshire, les Carmines",
horde,"Orgrimmar, Durotar","Long-guet, Berceau-de-l'Hiver",319,230,89,2,"Valormok, Azshara -> Long-guet, Berceau-de-l'Hiver",
alliance,"Port de Menethil, les Paluns","Darkshire, bois de la Pénombre",309,396,-87,5,"Ironforge, Dun Morogh -> Halte du Thorium, Gorge des Vents brûlants -> Veille de Morgan, Steppes ardentes -> Lakeshire, les Carmines -> Darkshire, bois de la Pénombre",
alliance,"Baie-du-Butin, Strangleronce","Camp du Noroît, Maleterres de l'ouest",712,798,-86,3,"Stormwind, Elwynn -> Ironforge, Dun Morogh -> Camp du Noroît, Maleterres de l'ouest",
alliance,"Port de Menethil, les Paluns","Lakeshire, les Carmines",250,336,-86,4,"Ironforge, Dun Morogh -> Halte du Thorium, Gorge des Vents brûlants -> Veille de Morgan, Steppes ardentes -> Lakeshire, les Carmines",
alliance,"Chapelle de l'Espoir de Lumière, Maleterres de l'est","Darkshire, bois de la Pénombre",591,676,-85,5,"Ironforge, Dun Morogh -> Halte du Thorium, Gorge des Vents brûlants -> Veille de Morgan, Steppes ardentes -> Lakeshire, les Carmines -> Darkshire, bois de la Pénombre",
alliance,"Combe de Nijel, Désolace","Thalanaar, Feralas",472,387,85,2,"Feathermoon, Feralas -> Thalanaar, Feralas",
alliance,"Gadgetzan, Tanaris","Pic des Serres-Rocheuses, Serres-Rocheuses",692,608,84,3,"Theramore, marécage d'Âprefange -> Combe de Nijel, Désolace -> Pic des Serres-Rocheuses, Serres-Rocheuses",
alliance,"Theramore, marécage d'Âprefange","Auberdine, Sombrivage",620,536,84,3,"Halte de Talrendis, Azshara -> Astranaar, Ashenvale -> Auberdine, Sombrivage",
horde,"Proie-de-l'Ombre, Désolace","Poste de Librevent, Mille Pointes",382,303,79,2,"Camp Mojache, Feralas -> Poste de Librevent, Mille Pointes",
horde,"Chapelle de l'Espoir de Lumière, Maleterres de l'est","Le Sépulcre, forêt des Pins argentés",294,368,-74,2,"Undercity, Tirisfal -> Le Sépulcre, forêt des Pins argentés",
horde,"Le Sépulcre, forêt des Pins argentés","Chapelle de l'Espoir de Lumière, Maleterres de l'est",299,373,-74,2,"Undercity, Tirisfal -> Chapelle de l'Espoir de Lumière, Maleterres de l'est",
alliance,"Rempart-du-Néant, Terres foudroyées","Camp du Noroît, Maleterres de l'ouest",631,699,-68,4,"Veille de Morgan, Steppes ardentes -> Halte du Thorium, Gorge des Vents brûlants -> Ironforge, Dun Morogh -> Camp du Noroît, Maleterres de l'ouest",
alliance,"Lakeshire, les Carmines","Chapelle de l'Espoir de Lumière, Maleterres de l'est",540,608,-68,4,"Veille de Morgan, Steppes ardentes -> Halte du Thorium, Gorge des Vents brûlants -> Ironforge, Dun Morogh -> Chapelle de l'Espoir de Lumière, Maleterres de l'est",
alliance,"Rempart-du-Néant, Terres foudroyées","Chapelle de l'Espoir de Lumière, Maleterres de l'est",687,754,-67,4,"Veille de Morgan, Steppes ardentes -> Halte du Thorium, Gorge des Vents brûlants -> Ironforge, Dun Morogh -> Chapelle de l'Espoir de Lumière, Maleterres de l'est",
alliance,"Rempart-du-Néant, Terres foudroyées","Port de Menethil, les Paluns",467,533,-66,4,"Veille de Morgan, Steppes ardentes -> Halte du Thorium, Gorge des Vents brûlants -> Ironforge, Dun Morogh -> Port de Menethil, les Paluns",
alliance,"Veille de Morgan, Steppes ardentes","Refuge de l'Ornière, Arathi",378,439,-61,4,"Halte du Thorium, Gorge des Vents brûlants -> Ironforge, Dun Morogh -> Port de Menethil, les Paluns -> Refuge de l'Ornière, Arathi",
alliance,"Veille de Morgan, Steppes ardentes","Nid-de-l'Aigle, Les Hinterlands",436,496,-60,3,"Halte du Thorium, Gorge des Vents brûlants -> Ironforge, Dun Morogh -> Nid-de-l'Aigle, Les Hinterlands",
horde,"Halte du Thorium, Gorge des Vents brûlants","Stonard, marais des Chagrins",350,290,60,2,"Corniches des flammes, Steppes ardentes -> Stonard, marais des Chagrins",
alliance,"Colline des sentinelles, marche de l'Ouest","Port de Menethil, les Paluns",414,473,-59,3,"Stormwind, Elwynn -> Ironforge, Dun Morogh -> Port de Menethil, les Paluns",
alliance,"Southshore, Hillsbrad","Baie-du-Butin, Strangleronce",597,654,-57,4,"Port de Menethil, les Paluns -> Ironforge, Dun Morogh -> Stormwind, Elwynn -> Baie-du-Butin, Strangleronce",
alliance,"Southshore, Hillsbrad","Colline des sentinelles, marche de l'Ouest",430,487,-57,4,"Port de Menethil, les Paluns -> Ironforge, Dun Morogh -> Stormwind, Elwynn -> Colline des sentinelles, marche de l'Ouest",
alliance,"Colline des sentinelles, marche de l'Ouest","Thelsamar, Loch Modan",389,446,-57,3,"Stormwind, Elwynn -> Ironforge, Dun Morogh -> Thelsamar, Loch Modan",
alliance,"Veille de Morgan, Steppes ardentes","Camp du Noroît, Maleterres de l'ouest",435,492,-57,3,"Halte du Thorium, Gorge des Vents brûlants -> Ironforge, Dun Morogh -> Camp du Noroît, Maleterres de l'ouest",
alliance,"Refuge de l'Ornière, Arathi","Baie-du-Butin, Strangleronce",614,670,-56,4,"Port de Menethil, les Paluns -> Ironforge, Dun Morogh -> Stormwind, Elwynn -> Baie-du-Butin, Strangleronce",
alliance,"Refuge de l'Ornière, Arathi","Ironforge, Dun Morogh",271,215,56,2,"Port de Menethil, les Paluns -> Ironforge, Dun Morogh",
alliance,"Thelsamar, Loch Modan","Baie-du-Butin, Strangleronce",508,564,-56,3,"Ironforge, Dun Morogh -> Stormwind, Elwynn -> Baie-du-Butin, Strangleronce",
alliance,"Veille de Morgan, Steppes ardentes","Chapelle de l'Espoir de Lumière, Maleterres de l'est",491,547,-56,3,"Halte du Thorium, Gorge des Vents brûlants -> Ironforge, Dun Morogh -> Chapelle de l'Espoir de Lumière, Maleterres de l'est",
alliance,"Veille de Morgan, Steppes ardentes","Port de Menethil, les Paluns",270,326,-56,3,"Halte du Thorium, Gorge des Vents brûlants -> Ironforge, Dun Morogh -> Port de Menethil, les Paluns",
alliance,"Lakeshire, les Carmines","Thelsamar, Loch Modan",415,360,55,4,"Veille de Morgan, Steppes ardentes -> Halte du Thorium, Gorge des Vents brûlants -> Ironforge, Dun Morogh -> Thelsamar, Loch Modan",
alliance,"Thelsamar, Loch Modan","Colline des sentinelles, marche de l'Ouest",342,397,-55,3,"Ironforge, Dun Morogh -> Stormwind, Elwynn -> Colline des sentinelles, marche de l'Ouest",
alliance,"Camp du Noroît, Maleterres de l'ouest","Baie-du-Butin, Strangleronce",662,716,-54,3,"Ironforge, Dun Morogh -> Stormwind, Elwynn -> Baie-du-Butin, Strangleronce",
alliance,"Camp du Noroît, Maleterres de l'ouest","Colline des sentinelles, marche de l'Ouest",495,549,-54,3,"Ironforge, Dun Morogh -> Stormwind, Elwynn -> Colline des sentinelles, marche de l'Ouest",
alliance,"Lakeshire, les Carmines","Port de Menethil, les Paluns",441,387,54,4,"Veille de Morgan, Steppes ardentes -> Halte du Thorium, Gorge des Vents brûlants -> Ironforge, Dun Morogh -> Port de Menethil, les Paluns",
alliance,"Refuge de l'Ornière, Arathi","Rempart-du-Néant, Terres foudroyées",547,601,-54,4,"Port de Menethil, les Paluns -> Ironforge, Dun Morogh -> Stormwind, Elwynn -> Rempart-du-Néant, Terres foudroyées",
alliance,"Port de Menethil, les Paluns","Baie-du-Butin, Strangleronce",490,544,-54,3,"Ironforge, Dun Morogh -> Stormwind, Elwynn -> Baie-du-Butin, Strangleronce",
alliance,"Thelsamar, Loch Modan","Rempart-du-Néant, Terres foudroyées",441,495,-54,3,"Ironforge, Dun Morogh -> Stormwind, Elwynn -> Rempart-du-Néant, Terres foudroyées",
alliance,"Veille de Morgan, Steppes ardentes","Thelsamar, Loch Modan",245,299,-54,3,"Halte du Thorium, Gorge des Vents brûlants -> Ironforge, Dun Morogh -> Thelsamar, Loch Modan",
alliance,"Nid-de-l'Aigle, Les Hinterlands","Baie-du-Butin, Strangleronce",658,711,-53,3,"Ironforge, Dun Morogh -> Stormwind, Elwynn -> Baie-du-Butin, Strangleronce",
alliance,"Port de Menethil, les Paluns","Colline des sentinelles, marche de l'Ouest",324,377,-53,3,"Ironforge, Dun Morogh -> Stormwind, Elwynn -> Colline des sentinelles, marche de l'Ouest",
alliance,"Nid-de-l'Aigle, Les Hinterlands","Colline des sentinelles, marche de l'Ouest",492,544,-52,3,"Ironforge, Dun Morogh -> Stormwind, Elwynn -> Colline des sentinelles, marche de l'Ouest",
alliance,"Port de Menethil, les Paluns","Rempart-du-Néant, Terres foudroyées",423,475,-52,3,"Ironforge, Dun Morogh -> Stormwind, Elwynn -> Rempart-du-Néant, Terres foudroyées",
alliance,"Chapelle de l'Espoir de Lumière, Maleterres de l'est","Rempart-du-Néant, Terres foudroyées",704,755,-51,3,"Ironforge, Dun Morogh -> Stormwind, Elwynn -> Rempart-du-Néant, Terres foudroyées",
alliance,"Stormwind, Elwynn","Southshore, Hillsbrad",443,494,-51,3,"Ironforge, Dun Morogh -> Port de Menethil, les Paluns -> Southshore, Hillsbrad",
alliance,"Nid-de-l'Aigle, Les Hinterlands","Rempart-du-Néant, Terres foudroyées",591,642,-51,3,"Ironforge, Dun Morogh -> Stormwind, Elwynn -> Rempart-du-Néant, Terres foudroyées",
alliance,"Port de Menethil, les Paluns","Veille de Morgan, Steppes ardentes",221,272,-51,3,"Ironforge, Dun Morogh -> Halte du Thorium, Gorge des Vents brûlants -> Veille de Morgan, Steppes ardentes",
alliance,"Stormwind, Elwynn","Refuge de l'Ornière, Arathi",450,500,-50,3,"Ironforge, Dun Morogh -> Port de Menethil, les Paluns -> Refuge de l'Ornière, Arathi",
alliance,"Camp du Noroît, Maleterres de l'ouest","Veille de Morgan, Steppes ardentes",395,444,-49,3,"Ironforge, Dun Morogh -> Halte du Thorium, Gorge des Vents brûlants -> Veille de Morgan, Steppes ardentes",
alliance,"Chapelle de l'Espoir de Lumière, Maleterres de l'est","Veille de Morgan, Steppes ardentes",503,552,-49,3,"Ironforge, Dun Morogh -> Halte du Thorium, Gorge des Vents brûlants -> Veille de Morgan, Steppes ardentes",
alliance,"Stormwind, Elwynn","Nid-de-l'Aigle, Les Hinterlands",508,557,-49,2,"Ironforge, Dun Morogh -> Nid-de-l'Aigle, Les Hinterlands",
horde,"Long-guet, Berceau-de-l'Hiver","Orgrimmar, Durotar",304,256,48,2,"Valormok, Azshara -> Orgrimmar, Durotar",
horde,Reflet-de-Lune,"Proie-de-l'Ombre, Désolace",645,693,-48,4,"Long-guet, Berceau-de-l'Hiver -> Valormok, Azshara -> Thunder Bluff, Mulgore -> Proie-de-l'Ombre, Désolace",
alliance,"Ironforge, Dun Morogh","Darkshire, bois de la Pénombre",260,307,-47,4,"Halte du Thorium, Gorge des Vents brûlants -> Veille de Morgan, Steppes ardentes -> Lakeshire, les Carmines -> Darkshire, bois de la Pénombre",
alliance,"Stormwind, Elwynn","Camp du Noroît, Maleterres de l'ouest",506,553,-47,2,"Ironforge, Dun Morogh -> Camp du Noroît, Maleterres de l'ouest",
horde,"Gadgetzan, Tanaris",Reflet-de-Lune,653,700,-47,4,"Poste de Librevent, Mille Pointes -> La Croisée, Tarides -> Poste de la Vénéneuse, Gangrebois -> Reflet-de-Lune",
horde,Reflet-de-Lune,"Refuge des Marshal, cratère d'Un'Goro",736,783,-47,5,"Poste de la Vénéneuse, Gangrebois -> La Croisée, Tarides -> Poste de Librevent, Mille Pointes -> Gadgetzan, Tanaris -> Refuge des Marshal, cratère d'Un'Goro",
horde,"Refuge des Marshal, cratère d'Un'Goro",Reflet-de-Lune,766,813,-47,5,"Gadgetzan, Tanaris -> Poste de Librevent, Mille Pointes -> La Croisée, Tarides -> Poste de la Vénéneuse, Gangrebois -> Reflet-de-Lune",
alliance,"Ironforge, Dun Morogh","Lakeshire, les Carmines",201,247,-46,3,"Halte du Thorium, Gorge des Vents brûlants -> Veille de Morgan, Steppes ardentes -> Lakeshire, les Carmines",
alliance,"Halte du Thorium, Gorge des Vents brûlants","Camp du Noroît, Maleterres de l'ouest",342,388,-46,2,"Ironforge, Dun Morogh -> Camp du Noroît, Maleterres de l'ouest",
horde,Reflet-de-Lune,"Ratchet, les Tarides",404,450,-46,3,"Poste de la Vénéneuse, Gangrebois -> La Croisée, Tarides -> Ratchet, les Tarides",
horde,Reflet-de-Lune,"Camp Mojache, Feralas",604,650,-46,3,"Poste de la Vénéneuse, Gangrebois -> La Croisée, Tarides -> Camp Mojache, Feralas",
horde,Reflet-de-Lune,"Fort cénarien, Silithus",734,780,-46,4,"Poste de la Vénéneuse, Gangrebois -> La Croisée, Tarides -> Camp Mojache, Feralas -> Fort cénarien, Silithus",
horde,Reflet-de-Lune,"Gadgetzan, Tanaris",629,675,-46,4,"Poste de la Vénéneuse, Gangrebois -> La Croisée, Tarides -> Poste de Librevent, Mille Pointes -> Gadgetzan, Tanaris",
horde,Reflet-de-Lune,"Retraite de Roche-Soleil, Serres-Rocheuses",502,548,-46,3,"Poste de la Vénéneuse, Gangrebois -> La Croisée, Tarides -> Retraite de Roche-Soleil, Serres-Rocheuses",
alliance,"Halte du Thorium, Gorge des Vents brûlants","Chapelle de l'Espoir de Lumière, Maleterres de l'est",398,443,-45,2,"Ironforge, Dun Morogh -> Chapelle de l'Espoir de Lumière, Maleterres de l'est",
alliance,"Stormwind, Elwynn","Chapelle de l'Espoir de Lumière, Maleterres de l'est",563,608,-45,2,"Ironforge, Dun Morogh -> Chapelle de l'Espoir de Lumière, Maleterres de l'est",
horde,Reflet-de-Lune,"Camp Taurajo, les Tarides",443,488,-45,3,"Poste de la Vénéneuse, Gangrebois -> La Croisée, Tarides -> Camp Taurajo, les Tarides",
horde,Reflet-de-Lune,"La Croisée, Tarides",353,398,-45,2,"Poste de la Vénéneuse, Gangrebois -> La Croisée, Tarides",
horde,Reflet-de-Lune,"Mur-de-Fougères, marécage d'Âprefange",515,560,-45,3,"Poste de la Vénéneuse, Gangrebois -> La Croisée, Tarides -> Mur-de-Fougères, marécage d'Âprefange",
horde,Reflet-de-Lune,"Poste de Librevent, Mille Pointes",537,582,-45,3,"Poste de la Vénéneuse, Gangrebois -> La Croisée, Tarides -> Poste de Librevent, Mille Pointes",
alliance,"Halte du Thorium, Gorge des Vents brûlants","Port de Menethil, les Paluns",178,222,-44,2,"Ironforge, Dun Morogh -> Port de Menethil, les Paluns",
alliance,"Stormwind, Elwynn","Port de Menethil, les Paluns",343,387,-44,2,"Ironforge, Dun Morogh -> Port de Menethil, les Paluns",
alliance,"Thelsamar, Loch Modan","Halte du Thorium, Gorge des Vents brûlants",152,196,-44,2,"Ironforge, Dun Morogh -> Halte du Thorium, Gorge des Vents brûlants",
alliance,"Halte du Thorium, Gorge des Vents brûlants","Thelsamar, Loch Modan",152,195,-43,2,"Ironforge, Dun Morogh -> Thelsamar, Loch Modan",
alliance,"Stormwind, Elwynn","Thelsamar, Loch Modan",317,360,-43,2,"Ironforge, Dun Morogh -> Thelsamar, Loch Modan",
horde,"Fort cénarien, Silithus",Reflet-de-Lune,768,811,-43,4,"Camp Mojache, Feralas -> La Croisée, Tarides -> Poste de la Vénéneuse, Gangrebois -> Reflet-de-Lune",
alliance,"Southshore, Hillsbrad","Stormwind, Elwynn",367,409,-42,3,"Port de Menethil, les Paluns -> Ironforge, Dun Morogh -> Stormwind, Elwynn",
horde,"Undercity, Tirisfal","Trépas-d'Orgrim, Arathi",301,259,42,2,"Moulin-de-Tarren, Hillsbrad -> Trépas-d'Orgrim, Arathi",
alliance,"Halte du Thorium, Gorge des Vents brûlants","Rempart-du-Néant, Terres foudroyées",265,306,-41,2,"Veille de Morgan, Steppes ardentes -> Rempart-du-Néant, Terres foudroyées",
alliance,"Port de Menethil, les Paluns","Halte du Thorium, Gorge des Vents brûlants",135,176,-41,2,"Ironforge, Dun Morogh -> Halte du Thorium, Gorge des Vents brûlants",
alliance,"Thelsamar, Loch Modan","Stormwind, Elwynn",279,319,-40,2,"Ironforge, Dun Morogh -> Stormwind, Elwynn",
alliance,"Camp du Noroît, Maleterres de l'ouest","Halte du Thorium, Gorge des Vents brûlants",309,348,-39,2,"Ironforge, Dun Morogh -> Halte du Thorium, Gorge des Vents brûlants",
alliance,"Camp du Noroît, Maleterres de l'ouest","Stormwind, Elwynn",432,471,-39,2,"Ironforge, Dun Morogh -> Stormwind, Elwynn",
alliance,"Chapelle de l'Espoir de Lumière, Maleterres de l'est","Halte du Thorium, Gorge des Vents brûlants",417,456,-39,2,"Ironforge, Dun Morogh -> Halte du Thorium, Gorge des Vents brûlants",
alliance,"Southshore, Hillsbrad","Darkshire, bois de la Pénombre",468,506,-38,6,"Port de Menethil, les Paluns -> Ironforge, Dun Morogh -> Halte du Thorium, Gorge des Vents brûlants -> Veille de Morgan, Steppes ardentes -> Lakeshire, les Carmines -> Darkshire, bois de la Pénombre",
alliance,"Port de Menethil, les Paluns","Stormwind, Elwynn",261,299,-38,2,"Ironforge, Dun Morogh -> Stormwind, Elwynn",
horde,"Fort cénarien, Silithus","Mur-de-Fougères, marécage d'Âprefange",425,463,-38,2,"Gadgetzan, Tanaris -> Mur-de-Fougères, marécage d'Âprefange",
alliance,"Nid-de-l'Aigle, Les Hinterlands","Stormwind, Elwynn",429,466,-37,2,"Ironforge, Dun Morogh -> Stormwind, Elwynn",
alliance,"Refuge de l'Ornière, Arathi","Darkshire, bois de la Pénombre",485,522,-37,6,"Port de Menethil, les Paluns -> Ironforge, Dun Morogh -> Halte du Thorium, Gorge des Vents brûlants -> Veille de Morgan, Steppes ardentes -> Lakeshire, les Carmines -> Darkshire, bois de la Pénombre",
alliance,"Darkshire, bois de la Pénombre","Southshore, Hillsbrad",517,554,-37,6,"Lakeshire, les Carmines -> Veille de Morgan, Steppes ardentes -> Halte du Thorium, Gorge des Vents brûlants -> Ironforge, Dun Morogh -> Port de Menethil, les Paluns -> Southshore, Hillsbrad",
alliance,"Darkshire, bois de la Pénombre","Refuge de l'Ornière, Arathi",524,560,-36,6,"Lakeshire, les Carmines -> Veille de Morgan, Steppes ardentes -> Halte du Thorium, Gorge des Vents brûlants -> Ironforge, Dun Morogh -> Port de Menethil, les Paluns -> Refuge de l'Ornière, Arathi",
alliance,"Darkshire, bois de la Pénombre","Nid-de-l'Aigle, Les Hinterlands",582,617,-35,5,"Lakeshire, les Carmines -> Veille de Morgan, Steppes ardentes -> Halte du Thorium, Gorge des Vents brûlants -> Ironforge, Dun Morogh -> Nid-de-l'Aigle, Les Hinterlands",
alliance,"Nid-de-l'Aigle, Les Hinterlands","Darkshire, bois de la Pénombre",531,563,-32,5,"Ironforge, Dun Morogh -> Halte du Thorium, Gorge des Vents brûlants -> Veille de Morgan, Steppes ardentes -> Lakeshire, les Carmines -> Darkshire, bois de la Pénombre",
alliance,"Ironforge, Dun Morogh","Southshore, Hillsbrad",265,235,30,2,"Port de Menethil, les Paluns -> Southshore, Hillsbrad",
alliance,"Darkshire, bois de la Pénombre","Port de Menethil, les Paluns",417,447,-30,5,"Lakeshire, les Carmines -> Veille de Morgan, Steppes ardentes -> Halte du Thorium, Gorge des Vents brûlants -> Ironforge, Dun Morogh -> Port de Menethil, les Paluns",
horde,"Orgrimmar, Durotar","Gadgetzan, Tanaris",417,387,30,3,"La Croisée, Tarides -> Poste de Librevent, Mille Pointes -> Gadgetzan, Tanaris",
alliance,"Darkshire, bois de la Pénombre","Thelsamar, Loch Modan",391,420,-29,5,"Lakeshire, les Carmines -> Veille de Morgan, Steppes ardentes -> Halte du Thorium, Gorge des Vents brûlants -> Ironforge, Dun Morogh -> Thelsamar, Loch Modan",
alliance,"Rut'theran, Teldrassil","Refuge des Marshal, cratère d'Un'Goro",797,826,-29,4,"Auberdine, Sombrivage -> Feathermoon, Feralas -> Fort cénarien, Silithus -> Refuge des Marshal, cratère d'Un'Goro",
horde,Reflet-de-Lune,"Orgrimmar, Durotar",370,398,-28,3,"Long-guet, Berceau-de-l'Hiver -> Valormok, Azshara -> Orgrimmar, Durotar",
horde,"La Croisée, Tarides","Gadgetzan, Tanaris",303,277,26,2,"Poste de Librevent, Mille Pointes -> Gadgetzan, Tanaris",
horde,"Mur-de-Fougères, marécage d'Âprefange","Fort cénarien, Silithus",430,455,-25,2,"Gadgetzan, Tanaris -> Fort cénarien, Silithus",
alliance,"Rempart-du-Néant, Terres foudroyées","Ironforge, Dun Morogh",382,405,-23,3,"Veille de Morgan, Steppes ardentes -> Halte du Thorium, Gorge des Vents brûlants -> Ironforge, Dun Morogh",
horde,"Kargath, Terres ingrates","Baie-du-Butin, Strangleronce",417,394,23,2,"Grom'gol, Strangleronce -> Baie-du-Butin, Strangleronce",
alliance,"Feathermoon, Feralas","Long-guet, Berceau-de-l'Hiver",748,727,21,4,"Thalanaar, Feralas -> Theramore, marécage d'Âprefange -> Halte de Talrendis, Azshara -> Long-guet, Berceau-de-l'Hiver",
alliance,"Rut'theran, Teldrassil","Fort cénarien, Silithus",714,734,-20,3,"Auberdine, Sombrivage -> Feathermoon, Feralas -> Fort cénarien, Silithus",
horde,"Gadgetzan, Tanaris","La Croisée, Tarides",301,281,20,2,"Poste de Librevent, Mille Pointes -> La Croisée, Tarides",
alliance,Reflet-de-Lune,"Fort cénarien, Silithus",771,790,-19,3,"Auberdine, Sombrivage -> Feathermoon, Feralas -> Fort cénarien, Silithus",
alliance,"Ironforge, Dun Morogh","Baie-du-Butin, Strangleronce",440,455,-15,2,"Stormwind, Elwynn -> Baie-du-Butin, Strangleronce",
alliance,"Colline des sentinelles, marche de l'Ouest","Ironforge, Dun Morogh",331,345,-14,2,"Stormwind, Elwynn -> Ironforge, Dun Morogh",
alliance,"Ironforge, Dun Morogh","Colline des sentinelles, marche de l'Ouest",274,288,-14,2,"Stormwind, Elwynn -> Colline des sentinelles, marche de l'Ouest",
alliance,"Stormwind, Elwynn","Halte du Thorium, Gorge des Vents brûlants",247,261,-14,2,"Veille de Morgan, Steppes ardentes -> Halte du Thorium, Gorge des Vents brûlants",
alliance,"Darkshire, bois de la Pénombre","Ironforge, Dun Morogh",333,319,14,4,"Lakeshire, les Carmines -> Veille de Morgan, Steppes ardentes -> Halte du Thorium, Gorge des Vents brûlants -> Ironforge, Dun Morogh",
alliance,"Colline des sentinelles, marche de l'Ouest","Halte du Thorium, Gorge des Vents brûlants",282,295,-13,3,"Lakeshire, les Carmines -> Veille de Morgan, Steppes ardentes -> Halte du Thorium, Gorge des Vents brûlants",
alliance,"Ironforge, Dun Morogh","Rempart-du-Néant, Terres foudroyées",373,386,-13,2,"Stormwind, Elwynn -> Rempart-du-Néant, Terres foudroyées",
alliance,"Darkshire, bois de la Pénombre","Halte du Thorium, Gorge des Vents brûlants",212,225,-13,3,"Lakeshire, les Carmines -> Veille de Morgan, Steppes ardentes -> Halte du Thorium, Gorge des Vents brûlants",
alliance,"Ironforge, Dun Morogh","Refuge de l'Ornière, Arathi",253,241,12,2,"Port de Menethil, les Paluns -> Refuge de l'Ornière, Arathi",
alliance,"Lakeshire, les Carmines","Halte du Thorium, Gorge des Vents brûlants",153,165,-12,2,"Veille de Morgan, Steppes ardentes -> Halte du Thorium, Gorge des Vents brûlants",
alliance,"Refuge des Marshal, cratère d'Un'Goro","Rut'theran, Teldrassil",809,821,-12,4,"Fort cénarien, Silithus -> Feathermoon, Feralas -> Auberdine, Sombrivage -> Rut'theran, Teldrassil",
alliance,"Rempart-du-Néant, Terres foudroyées","Halte du Thorium, Gorge des Vents brûlants",300,311,-11,2,"Veille de Morgan, Steppes ardentes -> Halte du Thorium, Gorge des Vents brûlants",
alliance,"Port de Menethil, les Paluns","Chapelle de l'Espoir de Lumière, Maleterres de l'est",324,335,-11,3,"Southshore, Hillsbrad -> Camp du Noroît, Maleterres de l'ouest -> Chapelle de l'Espoir de Lumière, Maleterres de l'est",
alliance,Reflet-de-Lune,"Gadgetzan, Tanaris",694,705,-11,5,"Long-guet, Berceau-de-l'Hiver -> Halte de Talrendis, Azshara -> Ratchet, les Tarides -> Theramore, marécage d'Âprefange -> Gadgetzan, Tanaris",
alliance,Reflet-de-Lune,"Theramore, marécage d'Âprefange",537,548,-11,4,"Long-guet, Berceau-de-l'Hiver -> Halte de Talrendis, Azshara -> Ratchet, les Tarides -> Theramore, marécage d'Âprefange",
alliance,"Refuge des Marshal, cratère d'Un'Goro","Feathermoon, Feralas",258,269,-11,2,"Fort cénarien, Silithus -> Feathermoon, Feralas",
alliance,"Veille de Morgan, Steppes ardentes","Ironforge, Dun Morogh",187,198,-11,2,"Halte du Thorium, Gorge des Vents brûlants -> Ironforge, Dun Morogh",
alliance,"Rut'theran, Teldrassil","Gadgetzan, Tanaris",774,785,-11,5,"Auberdine, Sombrivage -> Halte de Talrendis, Azshara -> Ratchet, les Tarides -> Theramore, marécage d'Âprefange -> Gadgetzan, Tanaris",
alliance,"Rut'theran, Teldrassil","Theramore, marécage d'Âprefange",617,628,-11,4,"Auberdine, Sombrivage -> Halte de Talrendis, Azshara -> Ratchet, les Tarides -> Theramore, marécage d'Âprefange",
alliance,"Astranaar, Ashenvale","Theramore, marécage d'Âprefange",381,391,-10,3,"Halte de Talrendis, Azshara -> Ratchet, les Tarides -> Theramore, marécage d'Âprefange",
alliance,"Auberdine, Sombrivage","Gadgetzan, Tanaris",689,699,-10,4,"Halte de Talrendis, Azshara -> Ratchet, les Tarides -> Theramore, marécage d'Âprefange -> Gadgetzan, Tanaris",
alliance,"Ironforge, Dun Morogh","Veille de Morgan, Steppes ardentes",173,183,-10,2,"Halte du Thorium, Gorge des Vents brûlants -> Veille de Morgan, Steppes ardentes",
alliance,"Fort cénarien, Silithus","Halte de Talrendis, Azshara",576,586,-10,3,"Gadgetzan, Tanaris -> Theramore, marécage d'Âprefange -> Halte de Talrendis, Azshara",
alliance,"Rempart-du-Néant, Terres foudroyées","Stormwind, Elwynn",189,179,10,2,"Darkshire, bois de la Pénombre -> Stormwind, Elwynn",
alliance,"Long-guet, Berceau-de-l'Hiver","Gadgetzan, Tanaris",564,574,-10,4,"Halte de Talrendis, Azshara -> Ratchet, les Tarides -> Theramore, marécage d'Âprefange -> Gadgetzan, Tanaris",
horde,"Avant-poste de Zoram'gar, Ashenvale","Long-guet, Berceau-de-l'Hiver",384,394,-10,3,"Poste de Bois-brisé, Ashenvale -> Valormok, Azshara -> Long-guet, Berceau-de-l'Hiver",
alliance,"Southshore, Hillsbrad","Chapelle de l'Espoir de Lumière, Maleterres de l'est",219,228,-9,2,"Camp du Noroît, Maleterres de l'ouest -> Chapelle de l'Espoir de Lumière, Maleterres de l'est",
alliance,"Clairière de Griffebranche, Gangrebois","Gadgetzan, Tanaris",671,680,-9,4,"Halte de Talrendis, Azshara -> Ratchet, les Tarides -> Theramore, marécage d'Âprefange -> Gadgetzan, Tanaris",
alliance,"Fort cénarien, Silithus","Theramore, marécage d'Âprefange",342,351,-9,2,"Gadgetzan, Tanaris -> Theramore, marécage d'Âprefange",
alliance,"Long-guet, Berceau-de-l'Hiver","Theramore, marécage d'Âprefange",408,417,-9,3,"Halte de Talrendis, Azshara -> Ratchet, les Tarides -> Theramore, marécage d'Âprefange",
alliance,"Refuge des Marshal, cratère d'Un'Goro","Ratchet, les Tarides",364,373,-9,3,"Gadgetzan, Tanaris -> Theramore, marécage d'Âprefange -> Ratchet, les Tarides",
horde,Reflet-de-Lune,"Avant-poste de Zoram'gar, Ashenvale",528,537,-9,4,"Long-guet, Berceau-de-l'Hiver -> Valormok, Azshara -> Poste de Bois-brisé, Ashenvale -> Avant-poste de Zoram'gar, Ashenvale",
horde,Reflet-de-Lune,"Thunder Bluff, Mulgore",543,534,9,3,"Long-guet, Berceau-de-l'Hiver -> Valormok, Azshara -> Thunder Bluff, Mulgore",
alliance,"Chapelle de l'Espoir de Lumière, Maleterres de l'est","Port de Menethil, les Paluns",333,341,-8,3,"Nid-de-l'Aigle, Les Hinterlands -> Southshore, Hillsbrad -> Port de Menethil, les Paluns",
alliance,"Clairière de Griffebranche, Gangrebois","Refuge des Marshal, cratère d'Un'Goro",776,784,-8,5,"Halte de Talrendis, Azshara -> Ratchet, les Tarides -> Theramore, marécage d'Âprefange -> Gadgetzan, Tanaris -> Refuge des Marshal, cratère d'Un'Goro",
alliance,"Colline des sentinelles, marche de l'Ouest","Rempart-du-Néant, Terres foudroyées",186,194,-8,2,"Darkshire, bois de la Pénombre -> Rempart-du-Néant, Terres foudroyées",
alliance,"Gadgetzan, Tanaris","Combe de Nijel, Désolace",480,488,-8,2,"Theramore, marécage d'Âprefange -> Combe de Nijel, Désolace",
alliance,"Halte de Talrendis, Azshara","Refuge des Marshal, cratère d'Un'Goro",494,502,-8,4,"Ratchet, les Tarides -> Theramore, marécage d'Âprefange -> Gadgetzan, Tanaris -> Refuge des Marshal, cratère d'Un'Goro",
alliance,"Southshore, Hillsbrad","Ironforge, Dun Morogh",206,199,7,2,"Port de Menethil, les Paluns -> Ironforge, Dun Morogh",
alliance,"Gadgetzan, Tanaris","Ratchet, les Tarides",262,269,-7,2,"Theramore, marécage d'Âprefange -> Ratchet, les Tarides",
alliance,"Long-guet, Berceau-de-l'Hiver","Thalanaar, Feralas",572,579,-7,4,"Halte de Talrendis, Azshara -> Ratchet, les Tarides -> Theramore, marécage d'Âprefange -> Thalanaar, Feralas",
alliance,"Halte de Talrendis, Azshara","Fort cénarien, Silithus",588,595,-7,4,"Ratchet, les Tarides -> Theramore, marécage d'Âprefange -> Gadgetzan, Tanaris -> Fort cénarien, Silithus",
alliance,"Halte de Talrendis, Azshara","Gadgetzan, Tanaris",391,398,-7,3,"Ratchet, les Tarides -> Theramore, marécage d'Âprefange -> Gadgetzan, Tanaris",
alliance,"Veille de Morgan, Steppes ardentes","Baie-du-Butin, Strangleronce",288,295,-7,3,"Lakeshire, les Carmines -> Darkshire, bois de la Pénombre -> Baie-du-Butin, Strangleronce",
horde,"Avant-poste de Zoram'gar, Ashenvale","Orgrimmar, Durotar",256,263,-7,2,"Poste de Bois-brisé, Ashenvale -> Orgrimmar, Durotar",
horde,"Avant-poste de Zoram'gar, Ashenvale","Valormok, Azshara",256,263,-7,2,"Poste de Bois-brisé, Ashenvale -> Valormok, Azshara",
horde,"Long-guet, Berceau-de-l'Hiver","Avant-poste de Zoram'gar, Ashenvale",388,395,-7,3,"Valormok, Azshara -> Poste de Bois-brisé, Ashenvale -> Avant-poste de Zoram'gar, Ashenvale",
horde,"Valormok, Azshara","Avant-poste de Zoram'gar, Ashenvale",253,260,-7,2,"Poste de Bois-brisé, Ashenvale -> Avant-poste de Zoram'gar, Ashenvale",
alliance,"Baie-du-Butin, Strangleronce","Rempart-du-Néant, Terres foudroyées",266,272,-6,2,"Darkshire, bois de la Pénombre -> Rempart-du-Néant, Terres foudroyées",
horde,"Proie-de-l'Ombre, Désolace","Refuge des Marshal, cratère d'Un'Goro",417,423,-6,3,"Camp Mojache, Feralas -> Fort cénarien, Silithus -> Refuge des Marshal, cratère d'Un'Goro",
horde,"Refuge des Marshal, cratère d'Un'Goro","Proie-de-l'Ombre, Désolace",424,430,-6,3,"Fort cénarien, Silithus -> Camp Mojache, Feralas -> Proie-de-l'Ombre, Désolace",
alliance,"Baie-du-Butin, Strangleronce","Veille de Morgan, Steppes ardentes",291,296,-5,3,"Darkshire, bois de la Pénombre -> Lakeshire, les Carmines -> Veille de Morgan, Steppes ardentes",
alliance,"Chapelle de l'Espoir de Lumière, Maleterres de l'est","Southshore, Hillsbrad",226,231,-5,2,"Nid-de-l'Aigle, Les Hinterlands -> Southshore, Hillsbrad",
alliance,"Thelsamar, Loch Modan","Camp du Noroît, Maleterres de l'ouest",285,290,-5,3,"Refuge de l'Ornière, Arathi -> Nid-de-l'Aigle, Les Hinterlands -> Camp du Noroît, Maleterres de l'ouest",
horde,"Camp Mojache, Feralas","Refuge des Marshal, cratère d'Un'Goro",222,227,-5,2,"Fort cénarien, Silithus -> Refuge des Marshal, cratère d'Un'Goro",
horde,"Moulin-de-Tarren, Hillsbrad","Chapelle de l'Espoir de Lumière, Maleterres de l'est",329,334,-5,2,"Village des Revantusk, les Hinterlands -> Chapelle de l'Espoir de Lumière, Maleterres de l'est",
horde,"Orgrimmar, Durotar","Avant-poste de Zoram'gar, Ashenvale",250,255,-5,2,"Poste de Bois-brisé, Ashenvale -> Avant-poste de Zoram'gar, Ashenvale",
horde,"Poste de Bois-brisé, Ashenvale",Reflet-de-Lune,356,361,-5,3,"Valormok, Azshara -> Long-guet, Berceau-de-l'Hiver -> Reflet-de-Lune",
horde,"Refuge des Marshal, cratère d'Un'Goro","Camp Mojache, Feralas",224,229,-5,2,"Fort cénarien, Silithus -> Camp Mojache, Feralas",
alliance,"Lakeshire, les Carmines","Baie-du-Butin, Strangleronce",227,231,-4,2,"Darkshire, bois de la Pénombre -> Baie-du-Butin, Strangleronce",
alliance,"Refuge de l'Ornière, Arathi","Camp du Noroît, Maleterres de l'ouest",122,126,-4,2,"Nid-de-l'Aigle, Les Hinterlands -> Camp du Noroît, Maleterres de l'ouest",
horde,"Grom'gol, Strangleronce","Chapelle de l'Espoir de Lumière, Maleterres de l'est",816,820,-4,4,"Kargath, Terres ingrates -> Trépas-d'Orgrim, Arathi -> Village des Revantusk, les Hinterlands -> Chapelle de l'Espoir de Lumière, Maleterres de l'est",
horde,"Grom'gol, Strangleronce","Le Sépulcre, forêt des Pins argentés",802,806,-4,4,"Kargath, Terres ingrates -> Trépas-d'Orgrim, Arathi -> Moulin-de-Tarren, Hillsbrad -> Le Sépulcre, forêt des Pins argentés",
horde,"Grom'gol, Strangleronce","Village des Revantusk, les Hinterlands",677,681,-4,3,"Kargath, Terres ingrates -> Trépas-d'Orgrim, Arathi -> Village des Revantusk, les Hinterlands",
horde,"Halte du Thorium, Gorge des Vents brûlants","Chapelle de l'Espoir de Lumière, Maleterres de l'est",559,563,-4,4,"Kargath, Terres ingrates -> Trépas-d'Orgrim, Arathi -> Village des Revantusk, les Hinterlands -> Chapelle de l'Espoir de Lumière, Maleterres de l'est",
horde,"Halte du Thorium, Gorge des Vents brûlants","Le Sépulcre, forêt des Pins argentés",545,549,-4,4,"Kargath, Terres ingrates -> Trépas-d'Orgrim, Arathi -> Moulin-de-Tarren, Hillsbrad -> Le Sépulcre, forêt des Pins argentés",
horde,"Halte du Thorium, Gorge des Vents brûlants","Village des Revantusk, les Hinterlands",420,424,-4,3,"Kargath, Terres ingrates -> Trépas-d'Orgrim, Arathi -> Village des Revantusk, les Hinterlands",
horde,"Stonard, marais des Chagrins","Chapelle de l'Espoir de Lumière, Maleterres de l'est",774,778,-4,4,"Kargath, Terres ingrates -> Trépas-d'Orgrim, Arathi -> Village des Revantusk, les Hinterlands -> Chapelle de l'Espoir de Lumière, Maleterres de l'est",
horde,"Refuge des Marshal, cratère d'Un'Goro","Long-guet, Berceau-de-l'Hiver",689,693,-4,4,"Gadgetzan, Tanaris -> Orgrimmar, Durotar -> Valormok, Azshara -> Long-guet, Berceau-de-l'Hiver",
alliance,"Camp du Noroît, Maleterres de l'ouest","Refuge de l'Ornière, Arathi",138,141,-3,2,"Nid-de-l'Aigle, Les Hinterlands -> Refuge de l'Ornière, Arathi",
alliance,"Long-guet, Berceau-de-l'Hiver","Feathermoon, Feralas",734,737,-3,3,"Reflet-de-Lune -> Auberdine, Sombrivage -> Feathermoon, Feralas",
alliance,"Refuge de l'Ornière, Arathi","Chapelle de l'Espoir de Lumière, Maleterres de l'est",233,236,-3,2,"Nid-de-l'Aigle, Les Hinterlands -> Chapelle de l'Espoir de Lumière, Maleterres de l'est",
alliance,"Veille de Morgan, Steppes ardentes","Darkshire, bois de la Pénombre",121,124,-3,2,"Lakeshire, les Carmines -> Darkshire, bois de la Pénombre",
alliance,"Rut'theran, Teldrassil","Ratchet, les Tarides",519,522,-3,3,"Auberdine, Sombrivage -> Halte de Talrendis, Azshara -> Ratchet, les Tarides",
alliance,"Rut'theran, Teldrassil","Long-guet, Berceau-de-l'Hiver",365,368,-3,3,"Auberdine, Sombrivage -> Reflet-de-Lune -> Long-guet, Berceau-de-l'Hiver",
alliance,"Rut'theran, Teldrassil","Thalanaar, Feralas",711,714,-3,3,"Auberdine, Sombrivage -> Feathermoon, Feralas -> Thalanaar, Feralas",
horde,"Baie-du-Butin, Strangleronce","Chapelle de l'Espoir de Lumière, Maleterres de l'est",896,899,-3,4,"Kargath, Terres ingrates -> Trépas-d'Orgrim, Arathi -> Village des Revantusk, les Hinterlands -> Chapelle de l'Espoir de Lumière, Maleterres de l'est",
horde,"Baie-du-Butin, Strangleronce","Le Sépulcre, forêt des Pins argentés",882,885,-3,4,"Kargath, Terres ingrates -> Trépas-d'Orgrim, Arathi -> Moulin-de-Tarren, Hillsbrad -> Le Sépulcre, forêt des Pins argentés",
horde,"Baie-du-Butin, Strangleronce","Moulin-de-Tarren, Hillsbrad",783,786,-3,3,"Kargath, Terres ingrates -> Trépas-d'Orgrim, Arathi -> Moulin-de-Tarren, Hillsbrad",
horde,"Baie-du-Butin, Strangleronce","Village des Revantusk, les Hinterlands",757,760,-3,3,"Kargath, Terres ingrates -> Trépas-d'Orgrim, Arathi -> Village des Revantusk, les Hinterlands",
horde,"Chapelle de l'Espoir de Lumière, Maleterres de l'est","Baie-du-Butin, Strangleronce",884,887,-3,5,"Village des Revantusk, les Hinterlands -> Trépas-d'Orgrim, Arathi -> Kargath, Terres ingrates -> Grom'gol, Strangleronce -> Baie-du-Butin, Strangleronce",
horde,"Corniches des flammes, Steppes ardentes","Chapelle de l'Espoir de Lumière, Maleterres de l'est",589,592,-3,4,"Kargath, Terres ingrates -> Trépas-d'Orgrim, Arathi -> Village des Revantusk, les Hinterlands -> Chapelle de l'Espoir de Lumière, Maleterres de l'est",
horde,"Gadgetzan, Tanaris","Long-guet, Berceau-de-l'Hiver",577,580,-3,3,"Orgrimmar, Durotar -> Valormok, Azshara -> Long-guet, Berceau-de-l'Hiver",
horde,"Grom'gol, Strangleronce","Moulin-de-Tarren, Hillsbrad",704,707,-3,3,"Kargath, Terres ingrates -> Trépas-d'Orgrim, Arathi -> Moulin-de-Tarren, Hillsbrad",
horde,"Halte du Thorium, Gorge des Vents brûlants","Moulin-de-Tarren, Hillsbrad",447,450,-3,3,"Kargath, Terres ingrates -> Trépas-d'Orgrim, Arathi -> Moulin-de-Tarren, Hillsbrad",
horde,"Le Sépulcre, forêt des Pins argentés","Baie-du-Butin, Strangleronce",863,866,-3,5,"Moulin-de-Tarren, Hillsbrad -> Trépas-d'Orgrim, Arathi -> Kargath, Terres ingrates -> Grom'gol, Strangleronce -> Baie-du-Butin, Strangleronce",
horde,"Le Sépulcre, forêt des Pins argentés","Corniches des flammes, Steppes ardentes",556,559,-3,4,"Moulin-de-Tarren, Hillsbrad -> Trépas-d'Orgrim, Arathi -> Kargath, Terres ingrates -> Corniches des flammes, Steppes ardentes",
horde,"Le Sépulcre, forêt des Pins argentés","Grom'gol, Strangleronce",782,785,-3,4,"Moulin-de-Tarren, Hillsbrad -> Trépas-d'Orgrim, Arathi -> Kargath, Terres ingrates -> Grom'gol, Strangleronce",
horde,"Moulin-de-Tarren, Hillsbrad","Baie-du-Butin, Strangleronce",768,771,-3,4,"Trépas-d'Orgrim, Arathi -> Kargath, Terres ingrates -> Grom'gol, Strangleronce -> Baie-du-Butin, Strangleronce",
horde,"Orgrimmar, Durotar",Reflet-de-Lune,361,364,-3,3,"Valormok, Azshara -> Long-guet, Berceau-de-l'Hiver -> Reflet-de-Lune",
horde,"Stonard, marais des Chagrins","Le Sépulcre, forêt des Pins argentés",761,764,-3,4,"Kargath, Terres ingrates -> Trépas-d'Orgrim, Arathi -> Moulin-de-Tarren, Hillsbrad -> Le Sépulcre, forêt des Pins argentés",
horde,"Stonard, marais des Chagrins","Village des Revantusk, les Hinterlands",636,639,-3,3,"Kargath, Terres ingrates -> Trépas-d'Orgrim, Arathi -> Village des Revantusk, les Hinterlands",
horde,"Poste de Bois-brisé, Ashenvale","Long-guet, Berceau-de-l'Hiver",224,227,-3,2,"Valormok, Azshara -> Long-guet, Berceau-de-l'Hiver",
horde,"Proie-de-l'Ombre, Désolace",Reflet-de-Lune,709,712,-3,4,"Thunder Bluff, Mulgore -> Valormok, Azshara -> Long-guet, Berceau-de-l'Hiver -> Reflet-de-Lune",
horde,"Refuge des Marshal, cratère d'Un'Goro","Ratchet, les Tarides",443,446,-3,4,"Gadgetzan, Tanaris -> Poste de Librevent, Mille Pointes -> La Croisée, Tarides -> Ratchet, les Tarides",
horde,"Refuge des Marshal, cratère d'Un'Goro","Valormok, Azshara",559,562,-3,3,"Gadgetzan, Tanaris -> Orgrimmar, Durotar -> Valormok, Azshara",
horde,"Trépas-d'Orgrim, Arathi","Undercity, Tirisfal",259,256,3,2,"Moulin-de-Tarren, Hillsbrad -> Undercity, Tirisfal",
horde,"Village des Revantusk, les Hinterlands","Baie-du-Butin, Strangleronce",743,746,-3,4,"Trépas-d'Orgrim, Arathi -> Kargath, Terres ingrates -> Grom'gol, Strangleronce -> Baie-du-Butin, Strangleronce",
alliance,"Astranaar, Ashenvale","Ratchet, les Tarides",283,285,-2,2,"Halte de Talrendis, Azshara -> Ratchet, les Tarides",
alliance,"Ratchet, les Tarides","Gadgetzan, Tanaris",261,263,-2,2,"Theramore, marécage d'Âprefange -> Gadgetzan, Tanaris",
alliance,"Camp du Noroît, Maleterres de l'ouest","Port de Menethil, les Paluns",193,195,-2,2,"Southshore, Hillsbrad -> Port de Menethil, les Paluns",
alliance,"Fort cénarien, Silithus","Clairière de Griffebranche, Gangrebois",831,833,-2,3,"Feathermoon, Feralas -> Auberdine, Sombrivage -> Clairière de Griffebranche, Gangrebois",
alliance,"Rempart-du-Néant, Terres foudroyées","Baie-du-Butin, Strangleronce",260,262,-2,2,"Darkshire, bois de la Pénombre -> Baie-du-Butin, Strangleronce",
alliance,"Gadgetzan, Tanaris","Astranaar, Ashenvale",540,542,-2,3,"Theramore, marécage d'Âprefange -> Halte de Talrendis, Azshara -> Astranaar, Ashenvale",
alliance,"Gadgetzan, Tanaris","Clairière de Griffebranche, Gangrebois",670,672,-2,3,"Theramore, marécage d'Âprefange -> Halte de Talrendis, Azshara -> Clairière de Griffebranche, Gangrebois",
alliance,"Gadgetzan, Tanaris","Feathermoon, Feralas",354,356,-2,2,"Thalanaar, Feralas -> Feathermoon, Feralas",
alliance,"Gadgetzan, Tanaris","Rut'theran, Teldrassil",772,774,-2,5,"Theramore, marécage d'Âprefange -> Halte de Talrendis, Azshara -> Astranaar, Ashenvale -> Auberdine, Sombrivage -> Rut'theran, Teldrassil",
alliance,"Nid-de-l'Aigle, Les Hinterlands","Port de Menethil, les Paluns",176,178,-2,2,"Southshore, Hillsbrad -> Port de Menethil, les Paluns",
alliance,"Long-guet, Berceau-de-l'Hiver","Astranaar, Ashenvale",327,329,-2,2,"Halte de Talrendis, Azshara -> Astranaar, Ashenvale",
alliance,"Long-guet, Berceau-de-l'Hiver","Auberdine, Sombrivage",262,264,-2,2,"Reflet-de-Lune -> Auberdine, Sombrivage",
alliance,"Long-guet, Berceau-de-l'Hiver","Ratchet, les Tarides",309,311,-2,2,"Halte de Talrendis, Azshara -> Ratchet, les Tarides",
alliance,"Long-guet, Berceau-de-l'Hiver","Combe de Nijel, Désolace",553,555,-2,3,"Reflet-de-Lune -> Auberdine, Sombrivage -> Combe de Nijel, Désolace",
alliance,"Long-guet, Berceau-de-l'Hiver","Rut'theran, Teldrassil",346,348,-2,3,"Reflet-de-Lune -> Auberdine, Sombrivage -> Rut'theran, Teldrassil",
alliance,"Port de Menethil, les Paluns","Camp du Noroît, Maleterres de l'ouest",186,188,-2,2,"Southshore, Hillsbrad -> Camp du Noroît, Maleterres de l'ouest",
alliance,"Port de Menethil, les Paluns","Nid-de-l'Aigle, Les Hinterlands",176,178,-2,2,"Southshore, Hillsbrad -> Nid-de-l'Aigle, Les Hinterlands",
alliance,Reflet-de-Lune,"Halte de Talrendis, Azshara",305,307,-2,2,"Long-guet, Berceau-de-l'Hiver -> Halte de Talrendis, Azshara",
alliance,"Refuge des Marshal, cratère d'Un'Goro","Clairière de Griffebranche, Gangrebois",774,776,-2,4,"Gadgetzan, Tanaris -> Theramore, marécage d'Âprefange -> Halte de Talrendis, Azshara -> Clairière de Griffebranche, Gangrebois",
alliance,"Thalanaar, Feralas","Rut'theran, Teldrassil",729,731,-2,3,"Feathermoon, Feralas -> Auberdine, Sombrivage -> Rut'theran, Teldrassil",
alliance,"Veille de Morgan, Steppes ardentes","Colline des sentinelles, marche de l'Ouest",195,197,-2,2,"Lakeshire, les Carmines -> Colline des sentinelles, marche de l'Ouest",
alliance,"Rut'theran, Teldrassil","Clairière de Griffebranche, Gangrebois",274,276,-2,2,"Auberdine, Sombrivage -> Clairière de Griffebranche, Gangrebois",
alliance,"Rut'theran, Teldrassil","Feathermoon, Feralas",557,559,-2,2,"Auberdine, Sombrivage -> Feathermoon, Feralas",
alliance,"Rut'theran, Teldrassil","Halte de Talrendis, Azshara",385,387,-2,2,"Auberdine, Sombrivage -> Halte de Talrendis, Azshara",
horde,"Avant-poste de Zoram'gar, Ashenvale","Refuge des Marshal, cratère d'Un'Goro",611,613,-2,4,"La Croisée, Tarides -> Poste de Librevent, Mille Pointes -> Gadgetzan, Tanaris -> Refuge des Marshal, cratère d'Un'Goro",
horde,"Ratchet, les Tarides","Long-guet, Berceau-de-l'Hiver",366,368,-2,3,"La Croisée, Tarides -> Valormok, Azshara -> Long-guet, Berceau-de-l'Hiver",
horde,"Ratchet, les Tarides","Proie-de-l'Ombre, Désolace",360,362,-2,3,"La Croisée, Tarides -> Retraite de Roche-Soleil, Serres-Rocheuses -> Proie-de-l'Ombre, Désolace",
horde,"Ratchet, les Tarides","Refuge des Marshal, cratère d'Un'Goro",452,454,-2,4,"La Croisée, Tarides -> Poste de Librevent, Mille Pointes -> Gadgetzan, Tanaris -> Refuge des Marshal, cratère d'Un'Goro",
horde,"Chapelle de l'Espoir de Lumière, Maleterres de l'est","Corniches des flammes, Steppes ardentes",578,580,-2,4,"Village des Revantusk, les Hinterlands -> Trépas-d'Orgrim, Arathi -> Kargath, Terres ingrates -> Corniches des flammes, Steppes ardentes",
horde,"Chapelle de l'Espoir de Lumière, Maleterres de l'est","Grom'gol, Strangleronce",804,806,-2,4,"Village des Revantusk, les Hinterlands -> Trépas-d'Orgrim, Arathi -> Kargath, Terres ingrates -> Grom'gol, Strangleronce",
horde,"Chapelle de l'Espoir de Lumière, Maleterres de l'est","Halte du Thorium, Gorge des Vents brûlants",547,549,-2,4,"Village des Revantusk, les Hinterlands -> Trépas-d'Orgrim, Arathi -> Kargath, Terres ingrates -> Halte du Thorium, Gorge des Vents brûlants",
horde,"Corniches des flammes, Steppes ardentes","Le Sépulcre, forêt des Pins argentés",576,578,-2,4,"Kargath, Terres ingrates -> Trépas-d'Orgrim, Arathi -> Moulin-de-Tarren, Hillsbrad -> Le Sépulcre, forêt des Pins argentés",
horde,"Corniches des flammes, Steppes ardentes","Moulin-de-Tarren, Hillsbrad",477,479,-2,3,"Kargath, Terres ingrates -> Trépas-d'Orgrim, Arathi -> Moulin-de-Tarren, Hillsbrad",
horde,"Corniches des flammes, Steppes ardentes","Village des Revantusk, les Hinterlands",451,453,-2,3,"Kargath, Terres ingrates -> Trépas-d'Orgrim, Arathi -> Village des Revantusk, les Hinterlands",
horde,"Fort cénarien, Silithus","La Croisée, Tarides",394,392,2,2,"Camp Mojache, Feralas -> La Croisée, Tarides",
horde,"Fort cénarien, Silithus","Valormok, Azshara",562,560,2,3,"Camp Mojache, Feralas -> La Croisée, Tarides -> Valormok, Azshara",
horde,"Undercity, Tirisfal","Baie-du-Butin, Strangleronce",880,882,-2,3,"Kargath, Terres ingrates -> Grom'gol, Strangleronce -> Baie-du-Butin, Strangleronce",
horde,"Undercity, Tirisfal","Corniches des flammes, Steppes ardentes",573,575,-2,2,"Kargath, Terres ingrates -> Corniches des flammes, Steppes ardentes",
horde,"Gadgetzan, Tanaris","Avant-poste de Zoram'gar, Ashenvale",510,512,-2,3,"Poste de Librevent, Mille Pointes -> La Croisée, Tarides -> Avant-poste de Zoram'gar, Ashenvale",
horde,"Gadgetzan, Tanaris","Ratchet, les Tarides",331,333,-2,3,"Poste de Librevent, Mille Pointes -> La Croisée, Tarides -> Ratchet, les Tarides",
horde,"Gadgetzan, Tanaris","Poste de la Vénéneuse, Gangrebois",532,534,-2,3,"Poste de Librevent, Mille Pointes -> La Croisée, Tarides -> Poste de la Vénéneuse, Gangrebois",
horde,"Gadgetzan, Tanaris","Retraite de Roche-Soleil, Serres-Rocheuses",429,431,-2,3,"Poste de Librevent, Mille Pointes -> La Croisée, Tarides -> Retraite de Roche-Soleil, Serres-Rocheuses",
horde,"Grom'gol, Strangleronce","Trépas-d'Orgrim, Arathi",588,590,-2,2,"Kargath, Terres ingrates -> Trépas-d'Orgrim, Arathi",
horde,"Halte du Thorium, Gorge des Vents brûlants","Baie-du-Butin, Strangleronce",462,464,-2,3,"Kargath, Terres ingrates -> Grom'gol, Strangleronce -> Baie-du-Butin, Strangleronce",
horde,"Halte du Thorium, Gorge des Vents brûlants","Trépas-d'Orgrim, Arathi",331,333,-2,2,"Kargath, Terres ingrates -> Trépas-d'Orgrim, Arathi",
horde,"Kargath, Terres ingrates","Chapelle de l'Espoir de Lumière, Maleterres de l'est",491,493,-2,3,"Trépas-d'Orgrim, Arathi -> Village des Revantusk, les Hinterlands -> Chapelle de l'Espoir de Lumière, Maleterres de l'est",
horde,"Kargath, Terres ingrates","Le Sépulcre, forêt des Pins argentés",477,479,-2,3,"Trépas-d'Orgrim, Arathi -> Moulin-de-Tarren, Hillsbrad -> Le Sépulcre, forêt des Pins argentés",
horde,"Kargath, Terres ingrates","Village des Revantusk, les Hinterlands",352,354,-2,2,"Trépas-d'Orgrim, Arathi -> Village des Revantusk, les Hinterlands",
horde,"La Croisée, Tarides","Long-guet, Berceau-de-l'Hiver",297,299,-2,2,"Valormok, Azshara -> Long-guet, Berceau-de-l'Hiver",
horde,"Le Sépulcre, forêt des Pins argentés","Halte du Thorium, Gorge des Vents brûlants",526,528,-2,4,"Moulin-de-Tarren, Hillsbrad -> Trépas-d'Orgrim, Arathi -> Kargath, Terres ingrates -> Halte du Thorium, Gorge des Vents brûlants",
horde,"Long-guet, Berceau-de-l'Hiver","Ratchet, les Tarides",357,359,-2,3,"Valormok, Azshara -> La Croisée, Tarides -> Ratchet, les Tarides",
horde,"Moulin-de-Tarren, Hillsbrad","Corniches des flammes, Steppes ardentes",462,464,-2,3,"Trépas-d'Orgrim, Arathi -> Kargath, Terres ingrates -> Corniches des flammes, Steppes ardentes",
horde,"Moulin-de-Tarren, Hillsbrad","Grom'gol, Strangleronce",688,690,-2,3,"Trépas-d'Orgrim, Arathi -> Kargath, Terres ingrates -> Grom'gol, Strangleronce",
horde,"Moulin-de-Tarren, Hillsbrad","Halte du Thorium, Gorge des Vents brûlants",431,433,-2,3,"Trépas-d'Orgrim, Arathi -> Kargath, Terres ingrates -> Halte du Thorium, Gorge des Vents brûlants",
horde,"Mur-de-Fougères, marécage d'Âprefange","Long-guet, Berceau-de-l'Hiver",445,447,-2,3,"Orgrimmar, Durotar -> Valormok, Azshara -> Long-guet, Berceau-de-l'Hiver",
horde,"Orgrimmar, Durotar","Proie-de-l'Ombre, Désolace",385,383,2,2,"Thunder Bluff, Mulgore -> Proie-de-l'Ombre, Désolace",
horde,"Stonard, marais des Chagrins","Halte du Thorium, Gorge des Vents brûlants",267,269,-2,2,"Corniches des flammes, Steppes ardentes -> Halte du Thorium, Gorge des Vents brûlants",
horde,"Stonard, marais des Chagrins","Moulin-de-Tarren, Hillsbrad",663,665,-2,3,"Kargath, Terres ingrates -> Trépas-d'Orgrim, Arathi -> Moulin-de-Tarren, Hillsbrad",
horde,"Poste de Librevent, Mille Pointes","Fort cénarien, Silithus",252,254,-2,2,"Camp Mojache, Feralas -> Fort cénarien, Silithus",
horde,"Poste de Librevent, Mille Pointes","Proie-de-l'Ombre, Désolace",323,325,-2,2,"Camp Mojache, Feralas -> Proie-de-l'Ombre, Désolace",
horde,"Poste de la Vénéneuse, Gangrebois","Poste de Bois-brisé, Ashenvale",333,335,-2,2,"Valormok, Azshara -> Poste de Bois-brisé, Ashenvale",
horde,"Proie-de-l'Ombre, Désolace","Avant-poste de Zoram'gar, Ashenvale",566,568,-2,3,"Thunder Bluff, Mulgore -> La Croisée, Tarides -> Avant-poste de Zoram'gar, Ashenvale",
horde,"Proie-de-l'Ombre, Désolace","Long-guet, Berceau-de-l'Hiver",576,578,-2,3,"Thunder Bluff, Mulgore -> Valormok, Azshara -> Long-guet, Berceau-de-l'Hiver",
horde,Reflet-de-Lune,"Poste de Bois-brisé, Ashenvale",369,371,-2,3,"Long-guet, Berceau-de-l'Hiver -> Valormok, Azshara -> Poste de Bois-brisé, Ashenvale",
horde,Reflet-de-Lune,"Valormok, Azshara",275,277,-2,2,"Long-guet, Berceau-de-l'Hiver -> Valormok, Azshara",
horde,"Refuge des Marshal, cratère d'Un'Goro","La Croisée, Tarides",392,394,-2,3,"Gadgetzan, Tanaris -> Poste de Librevent, Mille Pointes -> La Croisée, Tarides",
horde,"Refuge des Marshal, cratère d'Un'Goro","Mur-de-Fougères, marécage d'Âprefange",333,335,-2,2,"Gadgetzan, Tanaris -> Mur-de-Fougères, marécage d'Âprefange",
horde,"Refuge des Marshal, cratère d'Un'Goro","Poste de la Vénéneuse, Gangrebois",645,647,-2,4,"Gadgetzan, Tanaris -> Poste de Librevent, Mille Pointes -> La Croisée, Tarides -> Poste de la Vénéneuse, Gangrebois",
horde,"Refuge des Marshal, cratère d'Un'Goro","Retraite de Roche-Soleil, Serres-Rocheuses",542,544,-2,4,"Gadgetzan, Tanaris -> Poste de Librevent, Mille Pointes -> La Croisée, Tarides -> Retraite de Roche-Soleil, Serres-Rocheuses",
horde,"Retraite de Roche-Soleil, Serres-Rocheuses","Ratchet, les Tarides",200,202,-2,2,"La Croisée, Tarides -> Ratchet, les Tarides",
horde,"Retraite de Roche-Soleil, Serres-Rocheuses","Long-guet, Berceau-de-l'Hiver",447,449,-2,3,"La Croisée, Tarides -> Valormok, Azshara -> Long-guet, Berceau-de-l'Hiver",
horde,"Retraite de Roche-Soleil, Serres-Rocheuses","Orgrimmar, Durotar",290,292,-2,2,"La Croisée, Tarides -> Orgrimmar, Durotar",
horde,"Thunder Bluff, Mulgore","Long-guet, Berceau-de-l'Hiver",398,400,-2,2,"Valormok, Azshara -> Long-guet, Berceau-de-l'Hiver",
horde,"Thunder Bluff, Mulgore",Reflet-de-Lune,532,534,-2,3,"Valormok, Azshara -> Long-guet, Berceau-de-l'Hiver -> Reflet-de-Lune",
horde,"Trépas-d'Orgrim, Arathi","Baie-du-Butin, Strangleronce",651,653,-2,3,"Kargath, Terres ingrates -> Grom'gol, Strangleronce -> Baie-du-Butin, Strangleronce",
horde,"Trépas-d'Orgrim, Arathi","Corniches des flammes, Steppes ardentes",344,346,-2,2,"Kargath, Terres ingrates -> Corniches des flammes, Steppes ardentes",
horde,"Village des Revantusk, les Hinterlands","Corniches des flammes, Steppes ardentes",437,439,-2,3,"Trépas-d'Orgrim, Arathi -> Kargath, Terres ingrates -> Corniches des flammes, Steppes ardentes",
horde,"Village des Revantusk, les Hinterlands","Grom'gol, Strangleronce",663,665,-2,3,"Trépas-d'Orgrim, Arathi -> Kargath, Terres ingrates -> Grom'gol, Strangleronce",
alliance,"Astranaar, Ashenvale","Clairière de Griffebranche, Gangrebois",337,338,-1,2,"Auberdine, Sombrivage -> Clairière de Griffebranche, Gangrebois",
alliance,"Astranaar, Ashenvale","Rut'theran, Teldrassil",231,232,-1,2,"Auberdine, Sombrivage -> Rut'theran, Teldrassil",
alliance,"Auberdine, Sombrivage","Ratchet, les Tarides",435,436,-1,2,"Halte de Talrendis, Azshara -> Ratchet, les Tarides",
alliance,"Auberdine, Sombrivage","Long-guet, Berceau-de-l'Hiver",281,282,-1,2,"Reflet-de-Lune -> Long-guet, Berceau-de-l'Hiver",
alliance,"Southshore, Hillsbrad","Thelsamar, Loch Modan",244,245,-1,2,"Refuge de l'Ornière, Arathi -> Thelsamar, Loch Modan",
alliance,"Ratchet, les Tarides","Astranaar, Ashenvale",284,285,-1,2,"Halte de Talrendis, Azshara -> Astranaar, Ashenvale",
alliance,"Ratchet, les Tarides","Fort cénarien, Silithus",459,460,-1,3,"Theramore, marécage d'Âprefange -> Gadgetzan, Tanaris -> Fort cénarien, Silithus",
alliance,"Ratchet, les Tarides","Feathermoon, Feralas",446,447,-1,3,"Theramore, marécage d'Âprefange -> Thalanaar, Feralas -> Feathermoon, Feralas",
alliance,"Ratchet, les Tarides","Pic des Serres-Rocheuses, Serres-Rocheuses",437,438,-1,3,"Halte de Talrendis, Azshara -> Astranaar, Ashenvale -> Pic des Serres-Rocheuses, Serres-Rocheuses",
alliance,"Ratchet, les Tarides","Combe de Nijel, Désolace",439,440,-1,2,"Theramore, marécage d'Âprefange -> Combe de Nijel, Désolace",
alliance,"Ratchet, les Tarides","Refuge des Marshal, cratère d'Un'Goro",366,367,-1,3,"Theramore, marécage d'Âprefange -> Gadgetzan, Tanaris -> Refuge des Marshal, cratère d'Un'Goro",
alliance,"Clairière de Griffebranche, Gangrebois","Astranaar, Ashenvale",363,364,-1,2,"Auberdine, Sombrivage -> Astranaar, Ashenvale",
alliance,"Clairière de Griffebranche, Gangrebois","Feathermoon, Feralas",660,661,-1,2,"Auberdine, Sombrivage -> Feathermoon, Feralas",
alliance,"Clairière de Griffebranche, Gangrebois","Combe de Nijel, Désolace",478,479,-1,2,"Auberdine, Sombrivage -> Combe de Nijel, Désolace",
alliance,"Fort cénarien, Silithus","Thalanaar, Feralas",329,330,-1,2,"Feathermoon, Feralas -> Thalanaar, Feralas",
alliance,"Fort cénarien, Silithus","Rut'theran, Teldrassil",726,727,-1,3,"Feathermoon, Feralas -> Auberdine, Sombrivage -> Rut'theran, Teldrassil",
alliance,"Rempart-du-Néant, Terres foudroyées","Lakeshire, les Carmines",150,151,-1,2,"Darkshire, bois de la Pénombre -> Lakeshire, les Carmines",
alliance,"Gadgetzan, Tanaris","Long-guet, Berceau-de-l'Hiver",566,567,-1,3,"Theramore, marécage d'Âprefange -> Halte de Talrendis, Azshara -> Long-guet, Berceau-de-l'Hiver",
alliance,"Gadgetzan, Tanaris","Halte de Talrendis, Azshara",388,389,-1,2,"Theramore, marécage d'Âprefange -> Halte de Talrendis, Azshara",
alliance,"Nid-de-l'Aigle, Les Hinterlands","Thelsamar, Loch Modan",245,246,-1,2,"Refuge de l'Ornière, Arathi -> Thelsamar, Loch Modan",
alliance,"Feathermoon, Feralas","Astranaar, Ashenvale",500,501,-1,3,"Combe de Nijel, Désolace -> Pic des Serres-Rocheuses, Serres-Rocheuses -> Astranaar, Ashenvale",
alliance,"Feathermoon, Feralas","Rut'theran, Teldrassil",551,552,-1,2,"Auberdine, Sombrivage -> Rut'theran, Teldrassil",
alliance,"Combe de Nijel, Désolace","Astranaar, Ashenvale",273,274,-1,2,"Pic des Serres-Rocheuses, Serres-Rocheuses -> Astranaar, Ashenvale",
alliance,"Combe de Nijel, Désolace","Ratchet, les Tarides",422,423,-1,2,"Theramore, marécage d'Âprefange -> Ratchet, les Tarides",
alliance,"Combe de Nijel, Désolace","Gadgetzan, Tanaris",464,465,-1,2,"Theramore, marécage d'Âprefange -> Gadgetzan, Tanaris",
alliance,"Combe de Nijel, Désolace","Rut'theran, Teldrassil",367,366,1,2,"Auberdine, Sombrivage -> Rut'theran, Teldrassil",
alliance,Reflet-de-Lune,"Feathermoon, Feralas",614,615,-1,2,"Auberdine, Sombrivage -> Feathermoon, Feralas",
alliance,"Refuge des Marshal, cratère d'Un'Goro","Long-guet, Berceau-de-l'Hiver",670,671,-1,4,"Gadgetzan, Tanaris -> Theramore, marécage d'Âprefange -> Halte de Talrendis, Azshara -> Long-guet, Berceau-de-l'Hiver",
alliance,"Refuge des Marshal, cratère d'Un'Goro","Theramore, marécage d'Âprefange",257,258,-1,2,"Gadgetzan, Tanaris -> Theramore, marécage d'Âprefange",
alliance,"Thalanaar, Feralas","Combe de Nijel, Désolace",405,406,-1,2,"Feathermoon, Feralas -> Combe de Nijel, Désolace",
alliance,"Thalanaar, Feralas","Refuge des Marshal, cratère d'Un'Goro",274,275,-1,2,"Gadgetzan, Tanaris -> Refuge des Marshal, cratère d'Un'Goro",
alliance,"Theramore, marécage d'Âprefange","Astranaar, Ashenvale",387,388,-1,2,"Halte de Talrendis, Azshara -> Astranaar, Ashenvale",
alliance,"Theramore, marécage d'Âprefange","Long-guet, Berceau-de-l'Hiver",414,413,1,2,"Halte de Talrendis, Azshara -> Long-guet, Berceau-de-l'Hiver",
alliance,"Theramore, marécage d'Âprefange","Rut'theran, Teldrassil",619,620,-1,4,"Halte de Talrendis, Azshara -> Astranaar, Ashenvale -> Auberdine, Sombrivage -> Rut'theran, Teldrassil",
alliance,"Rut'theran, Teldrassil","Astranaar, Ashenvale",261,262,-1,2,"Auberdine, Sombrivage -> Astranaar, Ashenvale",
alliance,"Rut'theran, Teldrassil","Combe de Nijel, Désolace",376,377,-1,2,"Auberdine, Sombrivage -> Combe de Nijel, Désolace",
alliance,"Rut'theran, Teldrassil",Reflet-de-Lune,236,237,-1,2,"Auberdine, Sombrivage -> Reflet-de-Lune",
horde,"Avant-poste de Zoram'gar, Ashenvale","Ratchet, les Tarides",279,280,-1,2,"La Croisée, Tarides -> Ratchet, les Tarides",
horde,"Avant-poste de Zoram'gar, Ashenvale","Gadgetzan, Tanaris",504,505,-1,3,"La Croisée, Tarides -> Poste de Librevent, Mille Pointes -> Gadgetzan, Tanaris",
horde,"Avant-poste de Zoram'gar, Ashenvale","Mur-de-Fougères, marécage d'Âprefange",391,390,1,2,"La Croisée, Tarides -> Mur-de-Fougères, marécage d'Âprefange",
horde,"Baie-du-Butin, Strangleronce","Trépas-d'Orgrim, Arathi",668,669,-1,2,"Kargath, Terres ingrates -> Trépas-d'Orgrim, Arathi",
horde,"Ratchet, les Tarides","Avant-poste de Zoram'gar, Ashenvale",299,300,-1,2,"La Croisée, Tarides -> Avant-poste de Zoram'gar, Ashenvale",
horde,"Ratchet, les Tarides","Camp Mojache, Feralas",320,321,-1,2,"La Croisée, Tarides -> Camp Mojache, Feralas",
horde,"Ratchet, les Tarides","Camp Taurajo, les Tarides",158,159,-1,2,"La Croisée, Tarides -> Camp Taurajo, les Tarides",
horde,"Ratchet, les Tarides","Fort cénarien, Silithus",450,451,-1,3,"La Croisée, Tarides -> Camp Mojache, Feralas -> Fort cénarien, Silithus",
horde,"Ratchet, les Tarides","Gadgetzan, Tanaris",345,346,-1,3,"La Croisée, Tarides -> Poste de Librevent, Mille Pointes -> Gadgetzan, Tanaris",
horde,"Ratchet, les Tarides","Orgrimmar, Durotar",210,211,-1,2,"La Croisée, Tarides -> Orgrimmar, Durotar",
horde,"Ratchet, les Tarides","Poste de Librevent, Mille Pointes",252,253,-1,2,"La Croisée, Tarides -> Poste de Librevent, Mille Pointes",
horde,"Ratchet, les Tarides","Retraite de Roche-Soleil, Serres-Rocheuses",218,219,-1,2,"La Croisée, Tarides -> Retraite de Roche-Soleil, Serres-Rocheuses",
horde,"Ratchet, les Tarides","Thunder Bluff, Mulgore",250,251,-1,2,"La Croisée, Tarides -> Thunder Bluff, Mulgore",
horde,"Ratchet, les Tarides","Valormok, Azshara",236,237,-1,2,"La Croisée, Tarides -> Valormok, Azshara",
horde,"Camp Mojache, Feralas","Gadgetzan, Tanaris",201,200,1,2,"Poste de Librevent, Mille Pointes -> Gadgetzan, Tanaris",
horde,"Camp Mojache, Feralas","Mur-de-Fougères, marécage d'Âprefange",421,422,-1,3,"Poste de Librevent, Mille Pointes -> Gadgetzan, Tanaris -> Mur-de-Fougères, marécage d'Âprefange",
horde,"Camp Mojache, Feralas","Orgrimmar, Durotar",406,405,1,2,"La Croisée, Tarides -> Orgrimmar, Durotar",
horde,"Camp Mojache, Feralas","Poste de Bois-brisé, Ashenvale",426,425,1,2,"La Croisée, Tarides -> Poste de Bois-brisé, Ashenvale",
horde,"Camp Mojache, Feralas","Poste de la Vénéneuse, Gangrebois",517,516,1,2,"La Croisée, Tarides -> Poste de la Vénéneuse, Gangrebois",
horde,"Camp Mojache, Feralas","Valormok, Azshara",432,431,1,2,"La Croisée, Tarides -> Valormok, Azshara",
horde,"Camp Taurajo, les Tarides","Ratchet, les Tarides",130,131,-1,2,"La Croisée, Tarides -> Ratchet, les Tarides",
horde,"Camp Taurajo, les Tarides","Camp Mojache, Feralas",248,249,-1,2,"Poste de Librevent, Mille Pointes -> Camp Mojache, Feralas",
horde,"Camp Taurajo, les Tarides","Fort cénarien, Silithus",378,379,-1,3,"Poste de Librevent, Mille Pointes -> Camp Mojache, Feralas -> Fort cénarien, Silithus",
horde,"Camp Taurajo, les Tarides","Mur-de-Fougères, marécage d'Âprefange",242,241,1,2,"La Croisée, Tarides -> Mur-de-Fougères, marécage d'Âprefange",
horde,"Camp Taurajo, les Tarides","Poste de Bois-brisé, Ashenvale",242,241,1,2,"La Croisée, Tarides -> Poste de Bois-brisé, Ashenvale",
horde,"Camp Taurajo, les Tarides","Refuge des Marshal, cratère d'Un'Goro",325,326,-1,3,"Poste de Librevent, Mille Pointes -> Gadgetzan, Tanaris -> Refuge des Marshal, cratère d'Un'Goro",
horde,"Chapelle de l'Espoir de Lumière, Maleterres de l'est","Kargath, Terres ingrates",492,493,-1,3,"Village des Revantusk, les Hinterlands -> Trépas-d'Orgrim, Arathi -> Kargath, Terres ingrates",
horde,"Chapelle de l'Espoir de Lumière, Maleterres de l'est","Moulin-de-Tarren, Hillsbrad",301,300,1,2,"Village des Revantusk, les Hinterlands -> Moulin-de-Tarren, Hillsbrad",
horde,"Corniches des flammes, Steppes ardentes","Baie-du-Butin, Strangleronce",472,473,-1,2,"Stonard, marais des Chagrins -> Baie-du-Butin, Strangleronce",
horde,"Corniches des flammes, Steppes ardentes","Undercity, Tirisfal",597,596,1,2,"Kargath, Terres ingrates -> Undercity, Tirisfal",
horde,"Corniches des flammes, Steppes ardentes","Grom'gol, Strangleronce",401,402,-1,2,"Stonard, marais des Chagrins -> Grom'gol, Strangleronce",
horde,"Corniches des flammes, Steppes ardentes","Trépas-d'Orgrim, Arathi",361,362,-1,2,"Kargath, Terres ingrates -> Trépas-d'Orgrim, Arathi",
horde,"Fort cénarien, Silithus","Ratchet, les Tarides",445,444,1,3,"Camp Mojache, Feralas -> La Croisée, Tarides -> Ratchet, les Tarides",
horde,"Fort cénarien, Silithus","Orgrimmar, Durotar",535,534,1,3,"Camp Mojache, Feralas -> La Croisée, Tarides -> Orgrimmar, Durotar",
horde,"Fort cénarien, Silithus","Thunder Bluff, Mulgore",389,388,1,2,"Camp Mojache, Feralas -> Thunder Bluff, Mulgore",
horde,"Undercity, Tirisfal","Grom'gol, Strangleronce",800,801,-1,2,"Kargath, Terres ingrates -> Grom'gol, Strangleronce",
horde,"Undercity, Tirisfal","Halte du Thorium, Gorge des Vents brûlants",543,544,-1,2,"Kargath, Terres ingrates -> Halte du Thorium, Gorge des Vents brûlants",
horde,"Gadgetzan, Tanaris","Camp Taurajo, les Tarides",223,224,-1,2,"Poste de Librevent, Mille Pointes -> Camp Taurajo, les Tarides",
horde,"Gadgetzan, Tanaris","Proie-de-l'Ombre, Désolace",400,401,-1,2,"Camp Mojache, Feralas -> Proie-de-l'Ombre, Désolace",
horde,"Gadgetzan, Tanaris","Valormok, Azshara",448,449,-1,2,"Orgrimmar, Durotar -> Valormok, Azshara",
horde,"Grom'gol, Strangleronce","Undercity, Tirisfal",823,824,-1,2,"Kargath, Terres ingrates -> Undercity, Tirisfal",
horde,"Grom'gol, Strangleronce","Halte du Thorium, Gorge des Vents brûlants",382,383,-1,2,"Kargath, Terres ingrates -> Halte du Thorium, Gorge des Vents brûlants",
horde,"Halte du Thorium, Gorge des Vents brûlants","Undercity, Tirisfal",566,567,-1,2,"Kargath, Terres ingrates -> Undercity, Tirisfal",
horde,"Halte du Thorium, Gorge des Vents brûlants","Grom'gol, Strangleronce",382,383,-1,2,"Kargath, Terres ingrates -> Grom'gol, Strangleronce",
horde,"Kargath, Terres ingrates","Moulin-de-Tarren, Hillsbrad",379,380,-1,2,"Trépas-d'Orgrim, Arathi -> Moulin-de-Tarren, Hillsbrad",
horde,"La Croisée, Tarides","Proie-de-l'Ombre, Désolace",292,293,-1,2,"Retraite de Roche-Soleil, Serres-Rocheuses -> Proie-de-l'Ombre, Désolace",
horde,"La Croisée, Tarides","Refuge des Marshal, cratère d'Un'Goro",384,385,-1,3,"Poste de Librevent, Mille Pointes -> Gadgetzan, Tanaris -> Refuge des Marshal, cratère d'Un'Goro",
horde,"Le Sépulcre, forêt des Pins argentés","Kargath, Terres ingrates",471,472,-1,3,"Moulin-de-Tarren, Hillsbrad -> Trépas-d'Orgrim, Arathi -> Kargath, Terres ingrates",
horde,"Le Sépulcre, forêt des Pins argentés","Stonard, marais des Chagrins",751,752,-1,4,"Moulin-de-Tarren, Hillsbrad -> Trépas-d'Orgrim, Arathi -> Kargath, Terres ingrates -> Stonard, marais des Chagrins",
horde,"Le Sépulcre, forêt des Pins argentés","Trépas-d'Orgrim, Arathi",212,213,-1,2,"Moulin-de-Tarren, Hillsbrad -> Trépas-d'Orgrim, Arathi",
horde,"Le Sépulcre, forêt des Pins argentés","Village des Revantusk, les Hinterlands",289,290,-1,2,"Moulin-de-Tarren, Hillsbrad -> Village des Revantusk, les Hinterlands",
horde,"Long-guet, Berceau-de-l'Hiver","Camp Mojache, Feralas",558,559,-1,3,"Valormok, Azshara -> La Croisée, Tarides -> Camp Mojache, Feralas",
horde,"Long-guet, Berceau-de-l'Hiver","Fort cénarien, Silithus",688,689,-1,4,"Valormok, Azshara -> La Croisée, Tarides -> Camp Mojache, Feralas -> Fort cénarien, Silithus",
horde,"Long-guet, Berceau-de-l'Hiver","Mur-de-Fougères, marécage d'Âprefange",470,469,1,3,"Valormok, Azshara -> La Croisée, Tarides -> Mur-de-Fougères, marécage d'Âprefange",
horde,"Long-guet, Berceau-de-l'Hiver","Poste de Bois-brisé, Ashenvale",228,229,-1,2,"Valormok, Azshara -> Poste de Bois-brisé, Ashenvale",
horde,"Long-guet, Berceau-de-l'Hiver","Proie-de-l'Ombre, Désolace",550,551,-1,3,"Valormok, Azshara -> Thunder Bluff, Mulgore -> Proie-de-l'Ombre, Désolace",
horde,"Long-guet, Berceau-de-l'Hiver","Refuge des Marshal, cratère d'Un'Goro",691,692,-1,5,"Valormok, Azshara -> La Croisée, Tarides -> Poste de Librevent, Mille Pointes -> Gadgetzan, Tanaris -> Refuge des Marshal, cratère d'Un'Goro",
horde,"Long-guet, Berceau-de-l'Hiver","Retraite de Roche-Soleil, Serres-Rocheuses",456,457,-1,3,"Valormok, Azshara -> La Croisée, Tarides -> Retraite de Roche-Soleil, Serres-Rocheuses",
horde,"Moulin-de-Tarren, Hillsbrad","Kargath, Terres ingrates",376,377,-1,2,"Trépas-d'Orgrim, Arathi -> Kargath, Terres ingrates",
horde,"Moulin-de-Tarren, Hillsbrad","Stonard, marais des Chagrins",656,657,-1,3,"Trépas-d'Orgrim, Arathi -> Kargath, Terres ingrates -> Stonard, marais des Chagrins",
horde,"Mur-de-Fougères, marécage d'Âprefange","Refuge des Marshal, cratère d'Un'Goro",329,330,-1,2,"Gadgetzan, Tanaris -> Refuge des Marshal, cratère d'Un'Goro",
horde,"Mur-de-Fougères, marécage d'Âprefange","Retraite de Roche-Soleil, Serres-Rocheuses",311,312,-1,2,"La Croisée, Tarides -> Retraite de Roche-Soleil, Serres-Rocheuses",
horde,"Orgrimmar, Durotar","Ratchet, les Tarides",161,162,-1,2,"La Croisée, Tarides -> Ratchet, les Tarides",
horde,"Orgrimmar, Durotar","Camp Mojache, Feralas",361,362,-1,2,"La Croisée, Tarides -> Camp Mojache, Feralas",
horde,"Orgrimmar, Durotar","Refuge des Marshal, cratère d'Un'Goro",494,495,-1,4,"La Croisée, Tarides -> Poste de Librevent, Mille Pointes -> Gadgetzan, Tanaris -> Refuge des Marshal, cratère d'Un'Goro",
horde,"Stonard, marais des Chagrins","Trépas-d'Orgrim, Arathi",547,548,-1,2,"Kargath, Terres ingrates -> Trépas-d'Orgrim, Arathi",
horde,"Poste de Bois-brisé, Ashenvale","Fort cénarien, Silithus",541,542,-1,3,"La Croisée, Tarides -> Camp Mojache, Feralas -> Fort cénarien, Silithus",
horde,"Poste de Bois-brisé, Ashenvale","Gadgetzan, Tanaris",436,437,-1,3,"La Croisée, Tarides -> Poste de Librevent, Mille Pointes -> Gadgetzan, Tanaris",
horde,"Poste de Bois-brisé, Ashenvale","Mur-de-Fougères, marécage d'Âprefange",323,322,1,2,"La Croisée, Tarides -> Mur-de-Fougères, marécage d'Âprefange",
horde,"Poste de Bois-brisé, Ashenvale","Poste de Librevent, Mille Pointes",345,344,1,2,"La Croisée, Tarides -> Poste de Librevent, Mille Pointes",
horde,"Poste de Bois-brisé, Ashenvale","Poste de la Vénéneuse, Gangrebois",327,328,-1,2,"Valormok, Azshara -> Poste de la Vénéneuse, Gangrebois",
horde,"Poste de Bois-brisé, Ashenvale","Refuge des Marshal, cratère d'Un'Goro",544,545,-1,4,"La Croisée, Tarides -> Poste de Librevent, Mille Pointes -> Gadgetzan, Tanaris -> Refuge des Marshal, cratère d'Un'Goro",
horde,"Poste de Bois-brisé, Ashenvale","Thunder Bluff, Mulgore",321,320,1,2,"Orgrimmar, Durotar -> Thunder Bluff, Mulgore",
horde,"Poste de Librevent, Mille Pointes","Avant-poste de Zoram'gar, Ashenvale",424,425,-1,2,"La Croisée, Tarides -> Avant-poste de Zoram'gar, Ashenvale",
horde,"Poste de Librevent, Mille Pointes","Ratchet, les Tarides",245,246,-1,2,"La Croisée, Tarides -> Ratchet, les Tarides",
horde,"Poste de Librevent, Mille Pointes","Orgrimmar, Durotar",335,336,-1,2,"La Croisée, Tarides -> Orgrimmar, Durotar",
horde,"Poste de Librevent, Mille Pointes","Refuge des Marshal, cratère d'Un'Goro",200,201,-1,2,"Gadgetzan, Tanaris -> Refuge des Marshal, cratère d'Un'Goro",
horde,"Poste de Librevent, Mille Pointes","Retraite de Roche-Soleil, Serres-Rocheuses",343,344,-1,2,"La Croisée, Tarides -> Retraite de Roche-Soleil, Serres-Rocheuses",
horde,"Poste de la Vénéneuse, Gangrebois","Avant-poste de Zoram'gar, Ashenvale",471,472,-1,2,"La Croisée, Tarides -> Avant-poste de Zoram'gar, Ashenvale",
horde,"Poste de la Vénéneuse, Gangrebois","Ratchet, les Tarides",292,293,-1,2,"La Croisée, Tarides -> Ratchet, les Tarides",
horde,"Poste de la Vénéneuse, Gangrebois","Mur-de-Fougères, marécage d'Âprefange",404,403,1,2,"La Croisée, Tarides -> Mur-de-Fougères, marécage d'Âprefange",
horde,"Poste de la Vénéneuse, Gangrebois","Proie-de-l'Ombre, Désolace",533,534,-1,3,"La Croisée, Tarides -> Retraite de Roche-Soleil, Serres-Rocheuses -> Proie-de-l'Ombre, Désolace",
horde,"Poste de la Vénéneuse, Gangrebois","Refuge des Marshal, cratère d'Un'Goro",625,626,-1,4,"La Croisée, Tarides -> Poste de Librevent, Mille Pointes -> Gadgetzan, Tanaris -> Refuge des Marshal, cratère d'Un'Goro",
horde,"Poste de la Vénéneuse, Gangrebois","Retraite de Roche-Soleil, Serres-Rocheuses",390,391,-1,2,"La Croisée, Tarides -> Retraite de Roche-Soleil, Serres-Rocheuses",
horde,"Proie-de-l'Ombre, Désolace","Ratchet, les Tarides",388,389,-1,3,"Thunder Bluff, Mulgore -> La Croisée, Tarides -> Ratchet, les Tarides",
horde,"Proie-de-l'Ombre, Désolace","Gadgetzan, Tanaris",395,396,-1,3,"Camp Mojache, Feralas -> Poste de Librevent, Mille Pointes -> Gadgetzan, Tanaris",
horde,"Proie-de-l'Ombre, Désolace","Mur-de-Fougères, marécage d'Âprefange",416,417,-1,2,"Thunder Bluff, Mulgore -> Mur-de-Fougères, marécage d'Âprefange",
horde,"Refuge des Marshal, cratère d'Un'Goro","Camp Taurajo, les Tarides",336,337,-1,3,"Gadgetzan, Tanaris -> Poste de Librevent, Mille Pointes -> Camp Taurajo, les Tarides",
horde,"Refuge des Marshal, cratère d'Un'Goro","Orgrimmar, Durotar",462,463,-1,2,"Gadgetzan, Tanaris -> Orgrimmar, Durotar",
horde,"Refuge des Marshal, cratère d'Un'Goro","Poste de Bois-brisé, Ashenvale",551,552,-1,3,"Gadgetzan, Tanaris -> Orgrimmar, Durotar -> Poste de Bois-brisé, Ashenvale",
horde,"Refuge des Marshal, cratère d'Un'Goro","Thunder Bluff, Mulgore",416,417,-1,2,"Gadgetzan, Tanaris -> Thunder Bluff, Mulgore",
horde,"Retraite de Roche-Soleil, Serres-Rocheuses","Avant-poste de Zoram'gar, Ashenvale",380,381,-1,2,"La Croisée, Tarides -> Avant-poste de Zoram'gar, Ashenvale",
horde,"Retraite de Roche-Soleil, Serres-Rocheuses","Gadgetzan, Tanaris",426,427,-1,3,"La Croisée, Tarides -> Poste de Librevent, Mille Pointes -> Gadgetzan, Tanaris",
horde,"Retraite de Roche-Soleil, Serres-Rocheuses","Poste de Bois-brisé, Ashenvale",311,312,-1,2,"La Croisée, Tarides -> Poste de Bois-brisé, Ashenvale",
horde,"Retraite de Roche-Soleil, Serres-Rocheuses","Poste de Librevent, Mille Pointes",333,334,-1,2,"La Croisée, Tarides -> Poste de Librevent, Mille Pointes",
horde,"Thunder Bluff, Mulgore","Avant-poste de Zoram'gar, Ashenvale",389,390,-1,2,"La Croisée, Tarides -> Avant-poste de Zoram'gar, Ashenvale",
horde,"Thunder Bluff, Mulgore","Ratchet, les Tarides",210,211,-1,2,"La Croisée, Tarides -> Ratchet, les Tarides",
horde,"Thunder Bluff, Mulgore","Fort cénarien, Silithus",381,382,-1,2,"Camp Mojache, Feralas -> Fort cénarien, Silithus",
horde,"Thunder Bluff, Mulgore","Poste de la Vénéneuse, Gangrebois",411,412,-1,2,"La Croisée, Tarides -> Poste de la Vénéneuse, Gangrebois",
horde,"Thunder Bluff, Mulgore","Refuge des Marshal, cratère d'Un'Goro",397,398,-1,2,"Gadgetzan, Tanaris -> Refuge des Marshal, cratère d'Un'Goro",
horde,"Trépas-d'Orgrim, Arathi","Chapelle de l'Espoir de Lumière, Maleterres de l'est",229,230,-1,2,"Village des Revantusk, les Hinterlands -> Chapelle de l'Espoir de Lumière, Maleterres de l'est",
horde,"Trépas-d'Orgrim, Arathi","Grom'gol, Strangleronce",571,572,-1,2,"Kargath, Terres ingrates -> Grom'gol, Strangleronce",
horde,"Trépas-d'Orgrim, Arathi","Halte du Thorium, Gorge des Vents brûlants",314,315,-1,2,"Kargath, Terres ingrates -> Halte du Thorium, Gorge des Vents brûlants",
horde,"Trépas-d'Orgrim, Arathi","Le Sépulcre, forêt des Pins argentés",215,216,-1,2,"Moulin-de-Tarren, Hillsbrad -> Le Sépulcre, forêt des Pins argentés",
horde,"Valormok, Azshara","Ratchet, les Tarides",223,224,-1,2,"La Croisée, Tarides -> Ratchet, les Tarides",
horde,"Valormok, Azshara","Camp Mojache, Feralas",423,424,-1,2,"La Croisée, Tarides -> Camp Mojache, Feralas",
horde,"Valormok, Azshara","Camp Taurajo, les Tarides",263,262,1,2,"La Croisée, Tarides -> Camp Taurajo, les Tarides",
horde,"Valormok, Azshara","Fort cénarien, Silithus",553,554,-1,3,"La Croisée, Tarides -> Camp Mojache, Feralas -> Fort cénarien, Silithus",
horde,"Valormok, Azshara","Mur-de-Fougères, marécage d'Âprefange",335,334,1,2,"La Croisée, Tarides -> Mur-de-Fougères, marécage d'Âprefange",
horde,"Valormok, Azshara","Poste de Librevent, Mille Pointes",357,356,1,2,"La Croisée, Tarides -> Poste de Librevent, Mille Pointes",
horde,"Valormok, Azshara",Reflet-de-Lune,264,265,-1,2,"Long-guet, Berceau-de-l'Hiver -> Reflet-de-Lune",
horde,"Valormok, Azshara","Refuge des Marshal, cratère d'Un'Goro",556,557,-1,4,"La Croisée, Tarides -> Poste de Librevent, Mille Pointes -> Gadgetzan, Tanaris -> Refuge des Marshal, cratère d'Un'Goro",
horde,"Village des Revantusk, les Hinterlands","Halte du Thorium, Gorge des Vents brûlants",407,408,-1,3,"Trépas-d'Orgrim, Arathi -> Kargath, Terres ingrates -> Halte du Thorium, Gorge des Vents brûlants",
horde,"Village des Revantusk, les Hinterlands","Kargath, Terres ingrates",351,352,-1,2,"Trépas-d'Orgrim, Arathi -> Kargath, Terres ingrates",
horde,"Village des Revantusk, les Hinterlands","Le Sépulcre, forêt des Pins argentés",257,258,-1,2,"Moulin-de-Tarren, Hillsbrad -> Le Sépulcre, forêt des Pins argentés",
horde,"Village des Revantusk, les Hinterlands","Stonard, marais des Chagrins",631,632,-1,3,"Trépas-d'Orgrim, Arathi -> Kargath, Terres ingrates -> Stonard, marais des Chagrins",
